_id,event_id,user_id,product_id,action,preference_id,createdAt,updatedAt
EV00001,EV00001,U066,BEWAKOOF_1003855,Likes,,2026-08-12T19:02:36.550094,2026-08-12T19:02:36.550094
EV00002,EV00002,U073,BEWAKOOF_1003855,Likes,,2026-08-11T23:56:42.355966,2026-08-11T23:56:42.355966
EV00003,EV00003,U062,BEWAKOOF_1003855,AddToCart,,2026-08-13T06:52:51.499364,2026-08-13T06:52:51.499364
EV00004,EV00004,U053,BEWAKOOF_1003855,Likes,,2026-08-16T02:39:08.744803,2026-08-16T02:39:08.744803
EV00005,EV00005,U011,BEWAKOOF_1003855,Purchase,,2026-08-14T06:05:16.364650,2026-08-14T06:05:16.364650
EV00006,EV00006,U046,BEWAKOOF_1003855,Likes,,2026-08-17T02:04:52.706177,2026-08-17T02:04:52.706177
EV00007,EV00007,U063,BEWAKOOF_1003855,DisLikes,,2026-08-18T04:45:06.085694,2026-08-18T04:45:06.085694
EV00008,EV00008,U012,BEWAKOOF_1003855,DisLikes,,2026-08-13T11:26:48.290945,2026-08-13T11:26:48.290945
EV00009,EV00009,U026,BEWAKOOF_1003855,Likes,,2026-08-12T00:44:55.496708,2026-08-12T00:44:55.496708
EV00010,EV00010,U062,BEWAKOOF_1003855,AddToCart,,2026-08-17T07:24:05.866363,2026-08-17T07:24:05.866363
EV00011,EV00011,U018,BEWAKOOF_1003855,Likes,,2026-08-18T08:01:04.411525,2026-08-18T08:01:04.411525
EV00012,EV00012,U051,BEWAKOOF_1003855,AddToCart,,2026-08-13T13:37:17.338161,2026-08-13T13:37:17.338161
EV00013,EV00013,U011,BEWAKOOF_1003855,Purchase,,2026-08-16T09:59:31.085587,2026-08-16T09:59:31.085587
EV00014,EV00014,U056,BEWAKOOF_1003855,Likes,,2026-08-17T08:14:41.787111,2026-08-17T08:14:41.787111
EV00015,EV00015,U035,BEWAKOOF_1003855,Likes,,2026-08-15T09:31:53.841744,2026-08-15T09:31:53.841744
EV00016,EV00016,U058,BEWAKOOF_1003855,DisLikes,,2026-08-15T15:49:24.504624,2026-08-15T15:49:24.504624
EV00017,EV00017,U067,BEWAKOOF_1003855,AddToCart,,2026-08-13T20:53:00.247272,2026-08-13T20:53:00.247272
EV00018,EV00018,U018,BEWAKOOF_1003855,AddToCart,,2026-08-13T03:49:44.844683,2026-08-13T03:49:44.844683
EV00019,EV00019,U080,BEWAKOOF_1003855,Likes,,2026-08-16T16:06:41.472379,2026-08-16T16:06:41.472379
EV00020,EV00020,U011,BEWAKOOF_1003855,Likes,,2026-08-17T06:32:29.932882,2026-08-17T06:32:29.932882
EV00021,EV00021,U052,BEWAKOOF_1003855,Likes,,2026-08-13T06:44:26.189730,2026-08-13T06:44:26.189730
EV00022,EV00022,U021,BEWAKOOF_1003855,AddToCart,,2026-08-13T07:45:06.079694,2026-08-13T07:45:06.079694
EV00023,EV00023,U024,BEWAKOOF_1003855,Likes,,2026-08-14T18:20:53.172554,2026-08-14T18:20:53.172554
EV00024,EV00024,U004,BEWAKOOF_1003855,Likes,,2026-08-14T02:04:59.891889,2026-08-14T02:04:59.891889
EV00025,EV00025,U005,BEWAKOOF_1003855,Likes,,2026-08-14T18:55:12.482720,2026-08-14T18:55:12.482720
EV00026,EV00026,U026,BEWAKOOF_1003855,DisLikes,,2026-08-14T20:49:21.030525,2026-08-14T20:49:21.030525
EV00027,EV00027,U042,BEWAKOOF_1003855,DisLikes,,2026-08-16T13:33:43.238386,2026-08-16T13:33:43.238386
EV00028,EV00028,U044,BEWAKOOF_1003855,Likes,,2026-08-17T04:08:47.213025,2026-08-17T04:08:47.213025
EV00029,EV00029,U001,BEWAKOOF_1003855,Likes,,2026-08-12T19:53:28.626393,2026-08-12T19:53:28.626393
EV00030,EV00030,U075,BEWAKOOF_1003855,Likes,,2026-08-16T17:14:41.335759,2026-08-16T17:14:41.335759
EV00031,EV00031,U036,BEWAKOOF_1003855,Likes,,2026-08-14T03:08:30.809268,2026-08-14T03:08:30.809268
EV00032,EV00032,U028,BEWAKOOF_1003855,AddToCart,,2026-08-14T02:45:02.508787,2026-08-14T02:45:02.508787
EV00033,EV00033,U027,BEWAKOOF_1003855,Likes,,2026-08-13T02:19:06.743601,2026-08-13T02:19:06.743601
EV00034,EV00034,U057,BEWAKOOF_1003855,Likes,,2026-08-18T00:28:15.080837,2026-08-18T00:28:15.080837
EV00035,EV00035,U071,BEWAKOOF_1003855,AddToCart,,2026-08-15T11:47:17.889683,2026-08-15T11:47:17.889683
EV00036,EV00036,U055,BEWAKOOF_1003855,Likes,,2026-08-17T14:18:33.593414,2026-08-17T14:18:33.593414
EV00037,EV00037,U066,BEWAKOOF_1003855,AddToCart,,2026-08-15T14:21:14.264975,2026-08-15T14:21:14.264975
EV00038,EV00038,U079,SNITCH_8825876545698,Likes,,2026-08-14T08:18:16.370891,2026-08-14T08:18:16.370891
EV00039,EV00039,U021,SNITCH_8825876545698,Likes,,2026-08-17T19:54:29.172386,2026-08-17T19:54:29.172386
EV00040,EV00040,U080,SNITCH_8825876545698,Purchase,,2026-08-12T10:53:10.672595,2026-08-12T10:53:10.672595
EV00041,EV00041,U037,SNITCH_8825876545698,Likes,,2026-08-12T00:59:49.494781,2026-08-12T00:59:49.494781
EV00042,EV00042,U015,SNITCH_8825876545698,AddToCart,,2026-08-13T18:10:12.676065,2026-08-13T18:10:12.676065
EV00043,EV00043,U012,SNITCH_8825876545698,Likes,,2026-08-17T23:26:08.381916,2026-08-17T23:26:08.381916
EV00044,EV00044,U009,SNITCH_8825876545698,Purchase,,2026-08-15T12:47:02.314197,2026-08-15T12:47:02.314197
EV00045,EV00045,U021,SNITCH_8825876545698,Likes,,2026-08-14T16:38:16.918855,2026-08-14T16:38:16.918855
EV00046,EV00046,U066,SNITCH_8825876545698,Likes,,2026-08-12T19:22:01.975810,2026-08-12T19:22:01.975810
EV00047,EV00047,U051,SNITCH_8825876545698,AddToCart,,2026-08-15T16:38:56.697271,2026-08-15T16:38:56.697271
EV00048,EV00048,U012,SNITCH_8825876545698,DisLikes,,2026-08-14T15:50:30.761304,2026-08-14T15:50:30.761304
EV00049,EV00049,U068,SNITCH_8825876545698,Likes,,2026-08-15T19:18:24.835077,2026-08-15T19:18:24.835077
EV00050,EV00050,U040,SNITCH_8825876545698,Likes,,2026-08-15T06:32:50.513877,2026-08-15T06:32:50.513877
EV00051,EV00051,U032,SNITCH_8825876545698,Likes,,2026-08-17T22:17:28.688404,2026-08-17T22:17:28.688404
EV00052,EV00052,U010,SNITCH_8825876545698,DisLikes,,2026-08-17T11:19:33.219125,2026-08-17T11:19:33.219125
EV00053,EV00053,U032,SNITCH_8825876545698,DisLikes,,2026-08-16T06:33:27.052440,2026-08-16T06:33:27.052440
EV00054,EV00054,U075,SNITCH_8825876545698,DisLikes,,2026-08-18T11:26:42.269693,2026-08-18T11:26:42.269693
EV00055,EV00055,U036,SNITCH_8825876545698,Likes,,2026-08-13T07:25:27.399286,2026-08-13T07:25:27.399286
EV00056,EV00056,U016,SNITCH_8825876545698,Likes,,2026-08-15T07:44:38.497466,2026-08-15T07:44:38.497466
EV00057,EV00057,U047,SNITCH_8825876545698,Purchase,,2026-08-14T17:51:38.334668,2026-08-14T17:51:38.334668
EV00058,EV00058,U013,SNITCH_8825876545698,Likes,,2026-08-16T19:35:46.458420,2026-08-16T19:35:46.458420
EV00059,EV00059,U002,SNITCH_8825876545698,DisLikes,,2026-08-15T15:32:10.738842,2026-08-15T15:32:10.738842
EV00060,EV00060,U073,SNITCH_8825876545698,Likes,,2026-08-13T00:18:56.968697,2026-08-13T00:18:56.968697
EV00061,EV00061,U042,SNITCH_8825876545698,Likes,,2026-08-14T20:44:52.684948,2026-08-14T20:44:52.684948
EV00062,EV00062,U070,SNITCH_8825876545698,Likes,,2026-08-14T01:27:25.500537,2026-08-14T01:27:25.500537
EV00063,EV00063,U059,SNITCH_8825876545698,DisLikes,,2026-08-13T16:31:16.124214,2026-08-13T16:31:16.124214
EV00064,EV00064,U008,SNITCH_8825876545698,AddToCart,,2026-08-17T21:35:00.039432,2026-08-17T21:35:00.039432
EV00065,EV00065,U069,SNITCH_8825876545698,Likes,,2026-08-18T09:03:39.374995,2026-08-18T09:03:39.374995
EV00066,EV00066,U071,SNITCH_8825876545698,DisLikes,,2026-08-16T02:37:55.739785,2026-08-16T02:37:55.739785
EV00067,EV00067,U058,SNITCH_8825876545698,AddToCart,,2026-08-16T11:24:34.557689,2026-08-16T11:24:34.557689
EV00068,EV00068,U032,SNITCH_8825876545698,Purchase,,2026-08-16T15:41:19.951736,2026-08-16T15:41:19.951736
EV00069,EV00069,U079,SNITCH_8825876545698,Likes,,2026-08-12T06:24:15.681725,2026-08-12T06:24:15.681725
EV00070,EV00070,U030,SNITCH_8825876545698,Likes,,2026-08-18T07:50:14.112895,2026-08-18T07:50:14.112895
EV00071,EV00071,U041,SNITCH_8825876545698,Purchase,,2026-08-12T13:38:41.772530,2026-08-12T13:38:41.772530
EV00072,EV00072,U055,SNITCH_8825876545698,AddToCart,,2026-08-12T13:47:21.595759,2026-08-12T13:47:21.595759
EV00073,EV00073,U040,SNITCH_8825876545698,Likes,,2026-08-16T11:36:25.363468,2026-08-16T11:36:25.363468
EV00074,EV00074,U007,SNITCH_8825876545698,AddToCart,,2026-08-14T03:11:00.774664,2026-08-14T03:11:00.774664
EV00075,EV00075,U070,SNITCH_8825876545698,Likes,,2026-08-13T13:17:26.167540,2026-08-13T13:17:26.167540
EV00076,EV00076,U060,SNITCH_8825876545698,Likes,,2026-08-12T06:16:43.537798,2026-08-12T06:16:43.537798
EV00077,EV00077,U037,SOULED_337131,Likes,,2026-08-12T23:31:44.682873,2026-08-12T23:31:44.682873
EV00078,EV00078,U065,SOULED_337131,Likes,,2026-08-14T13:20:50.622326,2026-08-14T13:20:50.622326
EV00079,EV00079,U001,SOULED_337131,AddToCart,,2026-08-17T07:06:30.705199,2026-08-17T07:06:30.705199
EV00080,EV00080,U045,SOULED_337131,AddToCart,,2026-08-12T00:33:52.538161,2026-08-12T00:33:52.538161
EV00081,EV00081,U035,SOULED_337131,Likes,,2026-08-17T15:40:57.339301,2026-08-17T15:40:57.339301
EV00082,EV00082,U053,SOULED_337131,Likes,,2026-08-17T17:39:11.810606,2026-08-17T17:39:11.810606
EV00083,EV00083,U045,SOULED_337131,DisLikes,,2026-08-17T19:17:00.966881,2026-08-17T19:17:00.966881
EV00084,EV00084,U041,SOULED_337131,AddToCart,,2026-08-14T16:19:42.369751,2026-08-14T16:19:42.369751
EV00085,EV00085,U063,SOULED_337131,Likes,,2026-08-13T03:56:00.758377,2026-08-13T03:56:00.758377
EV00086,EV00086,U055,SOULED_337131,AddToCart,,2026-08-17T17:46:40.949805,2026-08-17T17:46:40.949805
EV00087,EV00087,U008,SOULED_337131,Likes,,2026-08-12T07:47:18.450033,2026-08-12T07:47:18.450033
EV00088,EV00088,U042,SOULED_337131,Likes,,2026-08-15T07:25:47.101675,2026-08-15T07:25:47.101675
EV00089,EV00089,U025,SOULED_337131,DisLikes,,2026-08-12T03:12:32.224020,2026-08-12T03:12:32.224020
EV00090,EV00090,U079,SOULED_337131,Purchase,,2026-08-18T11:06:34.551621,2026-08-18T11:06:34.551621
EV00091,EV00091,U057,SOULED_337131,DisLikes,,2026-08-14T07:42:06.942385,2026-08-14T07:42:06.942385
EV00092,EV00092,U055,SOULED_337131,Likes,,2026-08-15T18:46:01.955115,2026-08-15T18:46:01.955115
EV00093,EV00093,U061,SOULED_337131,Purchase,,2026-08-14T13:53:33.079124,2026-08-14T13:53:33.079124
EV00094,EV00094,U031,SOULED_337131,AddToCart,,2026-08-15T10:53:23.961454,2026-08-15T10:53:23.961454
EV00095,EV00095,U064,SOULED_337131,AddToCart,,2026-08-18T12:15:20.532678,2026-08-18T12:15:20.532678
EV00096,EV00096,U068,SOULED_337131,AddToCart,,2026-08-13T05:07:34.024267,2026-08-13T05:07:34.024267
EV00097,EV00097,U064,SOULED_337131,Likes,,2026-08-15T00:32:42.250131,2026-08-15T00:32:42.250131
EV00098,EV00098,U041,SOULED_337131,AddToCart,,2026-08-14T12:44:22.482920,2026-08-14T12:44:22.482920
EV00099,EV00099,U036,SOULED_337131,Likes,,2026-08-16T02:05:59.390817,2026-08-16T02:05:59.390817
EV00100,EV00100,U050,SOULED_337131,DisLikes,,2026-08-12T17:35:31.904033,2026-08-12T17:35:31.904033
EV00101,EV00101,U016,SOULED_337131,Likes,,2026-08-16T22:43:09.299975,2026-08-16T22:43:09.299975
EV00102,EV00102,U012,SOULED_337131,AddToCart,,2026-08-13T01:54:09.520113,2026-08-13T01:54:09.520113
EV00103,EV00103,U078,SOULED_337131,Likes,,2026-08-18T04:18:15.340362,2026-08-18T04:18:15.340362
EV00104,EV00104,U045,SOULED_337131,Likes,,2026-08-13T00:34:53.294823,2026-08-13T00:34:53.294823
EV00105,EV00105,U019,SOULED_337131,Likes,,2026-08-17T15:41:12.361941,2026-08-17T15:41:12.361941
EV00106,EV00106,U028,SOULED_337131,Likes,,2026-08-16T16:42:01.257225,2026-08-16T16:42:01.257225
EV00107,EV00107,U036,SOULED_337131,Likes,,2026-08-17T20:19:07.277795,2026-08-17T20:19:07.277795
EV00108,EV00108,U024,SOULED_337131,Likes,,2026-08-17T10:39:54.642996,2026-08-17T10:39:54.642996
EV00109,EV00109,U021,SOULED_337131,Likes,,2026-08-14T14:41:31.185158,2026-08-14T14:41:31.185158
EV00110,EV00110,U039,SOULED_337131,Likes,,2026-08-16T11:16:13.870719,2026-08-16T11:16:13.870719
EV00111,EV00111,U061,SOULED_337131,Likes,,2026-08-12T16:21:57.096338,2026-08-12T16:21:57.096338
EV00112,EV00112,U080,SOULED_337131,Likes,,2026-08-17T09:32:46.054394,2026-08-17T09:32:46.054394
EV00113,EV00113,U076,SOULED_337131,Likes,,2026-08-16T22:27:59.811447,2026-08-16T22:27:59.811447
EV00114,EV00114,U075,SOULED_337131,Likes,,2026-08-18T07:07:42.219460,2026-08-18T07:07:42.219460
EV00115,EV00115,U030,SOULED_337131,Likes,,2026-08-15T01:41:24.667569,2026-08-15T01:41:24.667569
EV00116,EV00116,U050,SOULED_337131,AddToCart,,2026-08-18T06:41:11.364214,2026-08-18T06:41:11.364214
EV00117,EV00117,U007,SOULED_337131,Purchase,,2026-08-17T22:59:29.047059,2026-08-17T22:59:29.047059
EV00118,EV00118,U008,SOULED_337131,Purchase,,2026-08-11T23:18:02.633742,2026-08-11T23:18:02.633742
EV00119,EV00119,U013,SOULED_337131,AddToCart,,2026-08-13T07:57:21.355246,2026-08-13T07:57:21.355246
EV00120,EV00120,U015,SOULED_337131,AddToCart,,2026-08-17T17:12:27.886513,2026-08-17T17:12:27.886513
EV00121,EV00121,U073,SOULED_337131,DisLikes,,2026-08-15T03:14:43.779306,2026-08-15T03:14:43.779306
EV00122,EV00122,U062,SOULED_337131,Likes,,2026-08-16T00:19:12.219251,2026-08-16T00:19:12.219251
EV00123,EV00123,U001,SOULED_337131,DisLikes,,2026-08-16T19:40:47.471702,2026-08-16T19:40:47.471702
EV00124,EV00124,U037,SOULED_337131,Likes,,2026-08-15T19:07:49.158163,2026-08-15T19:07:49.158163
EV00125,EV00125,U039,SOULED_337131,Likes,,2026-08-16T03:11:19.461321,2026-08-16T03:11:19.461321
EV00126,EV00126,U075,SOULED_337131,Likes,,2026-08-16T01:14:17.263879,2026-08-16T01:14:17.263879
EV00127,EV00127,U023,SOULED_337131,AddToCart,,2026-08-16T14:42:59.133660,2026-08-16T14:42:59.133660
EV00128,EV00128,U045,SOULED_337131,Purchase,,2026-08-15T08:40:55.505165,2026-08-15T08:40:55.505165
EV00129,EV00129,U014,SOULED_337131,Likes,,2026-08-14T23:47:01.352279,2026-08-14T23:47:01.352279
EV00130,EV00130,U052,SOULED_337131,DisLikes,,2026-08-13T03:53:23.713245,2026-08-13T03:53:23.713245
EV00131,EV00131,U010,SOULED_337131,DisLikes,,2026-08-14T07:52:28.234453,2026-08-14T07:52:28.234453
EV00132,EV00132,U050,SOULED_337131,AddToCart,,2026-08-17T06:08:03.253447,2026-08-17T06:08:03.253447
EV00133,EV00133,U053,SOULED_337131,AddToCart,,2026-08-12T18:41:50.332977,2026-08-12T18:41:50.332977
EV00134,EV00134,U080,SOULED_337131,DisLikes,,2026-08-17T23:38:49.346000,2026-08-17T23:38:49.346000
EV00135,EV00135,U073,BONKERS_15000555454828,Likes,,2026-08-12T06:25:16.635367,2026-08-12T06:25:16.635367
EV00136,EV00136,U025,BONKERS_15000555454828,Likes,,2026-08-12T02:40:38.677923,2026-08-12T02:40:38.677923
EV00137,EV00137,U003,BONKERS_15000555454828,DisLikes,,2026-08-13T07:26:32.686048,2026-08-13T07:26:32.686048
EV00138,EV00138,U057,BONKERS_15000555454828,AddToCart,,2026-08-12T04:46:30.180054,2026-08-12T04:46:30.180054
EV00139,EV00139,U077,BONKERS_15000555454828,DisLikes,,2026-08-17T23:39:16.695447,2026-08-17T23:39:16.695447
EV00140,EV00140,U077,BONKERS_15000555454828,DisLikes,,2026-08-17T11:12:42.933019,2026-08-17T11:12:42.933019
EV00141,EV00141,U066,BONKERS_15000555454828,DisLikes,,2026-08-15T11:07:04.402920,2026-08-15T11:07:04.402920
EV00142,EV00142,U074,BONKERS_15000555454828,DisLikes,,2026-08-13T10:29:39.729903,2026-08-13T10:29:39.729903
EV00143,EV00143,U051,BONKERS_15000555454828,Likes,,2026-08-14T13:18:46.861237,2026-08-14T13:18:46.861237
EV00144,EV00144,U041,BONKERS_15000555454828,Purchase,,2026-08-17T19:37:34.122084,2026-08-17T19:37:34.122084
EV00145,EV00145,U005,BONKERS_15000555454828,Likes,,2026-08-14T03:48:12.162773,2026-08-14T03:48:12.162773
EV00146,EV00146,U069,BONKERS_15000555454828,Likes,,2026-08-13T08:47:50.681588,2026-08-13T08:47:50.681588
EV00147,EV00147,U061,BONKERS_15000555454828,Likes,,2026-08-12T12:33:11.686094,2026-08-12T12:33:11.686094
EV00148,EV00148,U036,BONKERS_15000555454828,AddToCart,,2026-08-16T19:00:55.311516,2026-08-16T19:00:55.311516
EV00149,EV00149,U043,BONKERS_15000555454828,Likes,,2026-08-17T13:26:40.004200,2026-08-17T13:26:40.004200
EV00150,EV00150,U074,BONKERS_15000555454828,Likes,,2026-08-12T06:23:26.392717,2026-08-12T06:23:26.392717
EV00151,EV00151,U034,BONKERS_15000555454828,Likes,,2026-08-13T16:04:55.052438,2026-08-13T16:04:55.052438
EV00152,EV00152,U015,BONKERS_15000555454828,DisLikes,,2026-08-12T06:23:19.034933,2026-08-12T06:23:19.034933
EV00153,EV00153,U036,BONKERS_15000555454828,Likes,,2026-08-16T01:44:41.282141,2026-08-16T01:44:41.282141
EV00154,EV00154,U063,BONKERS_15000555454828,Purchase,,2026-08-13T18:01:41.506143,2026-08-13T18:01:41.506143
EV00155,EV00155,U059,BONKERS_15000555454828,Likes,,2026-08-12T20:21:34.452802,2026-08-12T20:21:34.452802
EV00156,EV00156,U051,BONKERS_15000555454828,DisLikes,,2026-08-17T19:16:08.575545,2026-08-17T19:16:08.575545
EV00157,EV00157,U004,BONKERS_15000555454828,AddToCart,,2026-08-18T13:09:31.925987,2026-08-18T13:09:31.925987
EV00158,EV00158,U001,BONKERS_15000555454828,Likes,,2026-08-13T00:27:41.279182,2026-08-13T00:27:41.279182
EV00159,EV00159,U067,BONKERS_15000555454828,Likes,,2026-08-15T14:58:51.604065,2026-08-15T14:58:51.604065
EV00160,EV00160,U062,BONKERS_15000555454828,Likes,,2026-08-12T09:16:37.017547,2026-08-12T09:16:37.017547
EV00161,EV00161,U040,BONKERS_15000555454828,Likes,,2026-08-11T20:27:02.197827,2026-08-11T20:27:02.197827
EV00162,EV00162,U069,BONKERS_15000555454828,AddToCart,,2026-08-16T16:49:58.114586,2026-08-16T16:49:58.114586
EV00163,EV00163,U026,BONKERS_15000555454828,Likes,,2026-08-11T20:06:45.988752,2026-08-11T20:06:45.988752
EV00164,EV00164,U077,BONKERS_15000555454828,DisLikes,,2026-08-14T05:03:58.550859,2026-08-14T05:03:58.550859
EV00165,EV00165,U076,BONKERS_15000555454828,Purchase,,2026-08-18T10:26:02.211877,2026-08-18T10:26:02.211877
EV00166,EV00166,U020,BONKERS_15000555454828,Likes,,2026-08-17T15:49:31.787902,2026-08-17T15:49:31.787902
EV00167,EV00167,U071,BONKERS_15000555454828,Likes,,2026-08-12T10:33:01.828796,2026-08-12T10:33:01.828796
EV00168,EV00168,U013,BONKERS_15000555454828,DisLikes,,2026-08-18T09:15:53.684330,2026-08-18T09:15:53.684330
EV00169,EV00169,U013,BONKERS_15000555454828,Likes,,2026-08-14T12:16:46.839628,2026-08-14T12:16:46.839628
EV00170,EV00170,U028,BONKERS_15000555454828,AddToCart,,2026-08-17T00:14:05.446825,2026-08-17T00:14:05.446825
EV00171,EV00171,U056,BONKERS_15000555454828,Likes,,2026-08-13T04:26:57.716708,2026-08-13T04:26:57.716708
EV00172,EV00172,U024,BONKERS_15000555454828,Purchase,,2026-08-13T09:09:30.873358,2026-08-13T09:09:30.873358
EV00173,EV00173,U009,SOULED_259913,AddToCart,,2026-08-18T08:36:50.308490,2026-08-18T08:36:50.308490
EV00174,EV00174,U043,SOULED_259913,Likes,,2026-08-15T04:49:37.952642,2026-08-15T04:49:37.952642
EV00175,EV00175,U002,SOULED_259913,AddToCart,,2026-08-14T08:20:55.441074,2026-08-14T08:20:55.441074
EV00176,EV00176,U044,SOULED_259913,Likes,,2026-08-13T15:16:35.416066,2026-08-13T15:16:35.416066
EV00177,EV00177,U076,SOULED_259913,Likes,,2026-08-16T18:58:43.818426,2026-08-16T18:58:43.818426
EV00178,EV00178,U061,SOULED_259913,Purchase,,2026-08-14T11:21:45.900616,2026-08-14T11:21:45.900616
EV00179,EV00179,U075,SOULED_259913,Likes,,2026-08-14T10:35:06.153988,2026-08-14T10:35:06.153988
EV00180,EV00180,U050,SOULED_259913,Purchase,,2026-08-13T19:21:48.565938,2026-08-13T19:21:48.565938
EV00181,EV00181,U079,SOULED_259913,Likes,,2026-08-18T00:11:52.074658,2026-08-18T00:11:52.074658
EV00182,EV00182,U052,SOULED_259913,Purchase,,2026-08-15T12:19:46.451343,2026-08-15T12:19:46.451343
EV00183,EV00183,U071,SOULED_259913,AddToCart,,2026-08-14T07:18:17.370845,2026-08-14T07:18:17.370845
EV00184,EV00184,U056,SOULED_259913,Likes,,2026-08-12T04:46:31.713046,2026-08-12T04:46:31.713046
EV00185,EV00185,U018,SOULED_259913,Likes,,2026-08-14T16:50:03.325369,2026-08-14T16:50:03.325369
EV00186,EV00186,U068,SOULED_259913,DisLikes,,2026-08-12T05:39:41.972416,2026-08-12T05:39:41.972416
EV00187,EV00187,U050,SOULED_259913,Likes,,2026-08-15T04:12:12.599108,2026-08-15T04:12:12.599108
EV00188,EV00188,U031,SOULED_259913,Likes,,2026-08-17T19:42:37.319008,2026-08-17T19:42:37.319008
EV00189,EV00189,U064,SOULED_259913,Likes,,2026-08-16T17:47:05.055343,2026-08-16T17:47:05.055343
EV00190,EV00190,U062,SOULED_259913,Likes,,2026-08-14T11:27:12.596365,2026-08-14T11:27:12.596365
EV00191,EV00191,U063,SOULED_259913,DisLikes,,2026-08-15T19:57:32.862038,2026-08-15T19:57:32.862038
EV00192,EV00192,U010,SOULED_259913,Likes,,2026-08-14T15:09:18.312935,2026-08-14T15:09:18.312935
EV00193,EV00193,U059,SOULED_259913,Likes,,2026-08-18T09:16:54.126165,2026-08-18T09:16:54.126165
EV00194,EV00194,U040,SOULED_259913,Likes,,2026-08-17T02:20:59.678073,2026-08-17T02:20:59.678073
EV00195,EV00195,U070,SOULED_259913,DisLikes,,2026-08-14T18:49:57.693058,2026-08-14T18:49:57.693058
EV00196,EV00196,U051,SOULED_259913,DisLikes,,2026-08-14T04:41:22.530633,2026-08-14T04:41:22.530633
EV00197,EV00197,U067,SOULED_259913,Likes,,2026-08-13T06:39:27.820939,2026-08-13T06:39:27.820939
EV00198,EV00198,U036,SOULED_259913,Likes,,2026-08-14T09:00:05.147198,2026-08-14T09:00:05.147198
EV00199,EV00199,U013,SOULED_259913,Likes,,2026-08-15T03:29:15.439009,2026-08-15T03:29:15.439009
EV00200,EV00200,U040,SOULED_259913,Purchase,,2026-08-12T08:51:00.475445,2026-08-12T08:51:00.475445
EV00201,EV00201,U039,SOULED_259913,Likes,,2026-08-15T02:15:27.964588,2026-08-15T02:15:27.964588
EV00202,EV00202,U049,SOULED_259913,Likes,,2026-08-12T22:30:21.114475,2026-08-12T22:30:21.114475
EV00203,EV00203,U002,SOULED_259913,Likes,,2026-08-17T20:15:31.857319,2026-08-17T20:15:31.857319
EV00204,EV00204,U046,SOULED_259913,AddToCart,,2026-08-18T06:05:52.737459,2026-08-18T06:05:52.737459
EV00205,EV00205,U011,SOULED_259913,Likes,,2026-08-16T08:38:11.918605,2026-08-16T08:38:11.918605
EV00206,EV00206,U046,SOULED_259913,Likes,,2026-08-13T13:57:33.263198,2026-08-13T13:57:33.263198
EV00207,EV00207,U031,SOULED_259913,Likes,,2026-08-13T00:10:19.069626,2026-08-13T00:10:19.069626
EV00208,EV00208,U075,SOULED_259913,Likes,,2026-08-17T14:05:49.349544,2026-08-17T14:05:49.349544
EV00209,EV00209,U042,SOULED_259913,DisLikes,,2026-08-17T19:38:09.979978,2026-08-17T19:38:09.979978
EV00210,EV00210,U030,SOULED_259913,Purchase,,2026-08-11T20:42:24.713068,2026-08-11T20:42:24.713068
EV00211,EV00211,U051,SOULED_259913,AddToCart,,2026-08-16T12:25:03.893691,2026-08-16T12:25:03.893691
EV00212,EV00212,U058,SOULED_259913,AddToCart,,2026-08-15T23:52:15.247257,2026-08-15T23:52:15.247257
EV00213,EV00213,U020,SOULED_259913,DisLikes,,2026-08-18T13:24:57.294024,2026-08-18T13:24:57.294024
EV00214,EV00214,U053,SOULED_259913,DisLikes,,2026-08-17T12:26:32.833722,2026-08-17T12:26:32.833722
EV00215,EV00215,U035,SOULED_259913,Likes,,2026-08-12T22:40:54.503216,2026-08-12T22:40:54.503216
EV00216,EV00216,U033,SOULED_259913,DisLikes,,2026-08-12T22:13:49.751712,2026-08-12T22:13:49.751712
EV00217,EV00217,U054,SOULED_259913,Purchase,,2026-08-17T16:03:29.583548,2026-08-17T16:03:29.583548
EV00218,EV00218,U062,SOULED_259913,Likes,,2026-08-18T02:06:09.444872,2026-08-18T02:06:09.444872
EV00219,EV00219,U018,SOULED_259913,AddToCart,,2026-08-15T16:22:26.145867,2026-08-15T16:22:26.145867
EV00220,EV00220,U043,SOULED_259913,Likes,,2026-08-17T09:38:21.973281,2026-08-17T09:38:21.973281
EV00221,EV00221,U015,SOULED_259913,Purchase,,2026-08-18T07:52:47.767246,2026-08-18T07:52:47.767246
EV00222,EV00222,U055,SOULED_259913,Likes,,2026-08-15T07:09:59.139888,2026-08-15T07:09:59.139888
EV00223,EV00223,U010,SOULED_259913,DisLikes,,2026-08-15T06:39:42.273388,2026-08-15T06:39:42.273388
EV00224,EV00224,U020,SOULED_259913,Likes,,2026-08-12T21:29:34.952184,2026-08-12T21:29:34.952184
EV00225,EV00225,U074,SOULED_259913,DisLikes,,2026-08-14T05:13:31.950065,2026-08-14T05:13:31.950065
EV00226,EV00226,U065,SOULED_259913,AddToCart,,2026-08-18T05:41:00.104819,2026-08-18T05:41:00.104819
EV00227,EV00227,U051,SOULED_259913,Likes,,2026-08-14T23:06:56.841235,2026-08-14T23:06:56.841235
EV00228,EV00228,U027,SOULED_259913,AddToCart,,2026-08-15T08:24:38.999755,2026-08-15T08:24:38.999755
EV00229,EV00229,U049,SOULED_286025,AddToCart,,2026-08-15T04:47:04.907965,2026-08-15T04:47:04.907965
EV00230,EV00230,U033,SOULED_286025,Purchase,,2026-08-14T15:20:52.942456,2026-08-14T15:20:52.942456
EV00231,EV00231,U005,SOULED_286025,Likes,,2026-08-15T05:45:35.060524,2026-08-15T05:45:35.060524
EV00232,EV00232,U015,SOULED_286025,DisLikes,,2026-08-17T22:02:02.317317,2026-08-17T22:02:02.317317
EV00233,EV00233,U003,SOULED_286025,Purchase,,2026-08-14T08:12:53.442141,2026-08-14T08:12:53.442141
EV00234,EV00234,U018,SOULED_286025,Likes,,2026-08-16T07:51:55.536967,2026-08-16T07:51:55.536967
EV00235,EV00235,U013,SOULED_286025,Likes,,2026-08-12T07:48:18.431420,2026-08-12T07:48:18.431420
EV00236,EV00236,U069,SOULED_286025,Likes,,2026-08-16T12:58:36.994251,2026-08-16T12:58:36.994251
EV00237,EV00237,U021,SOULED_286025,Likes,,2026-08-16T17:47:36.451930,2026-08-16T17:47:36.451930
EV00238,EV00238,U024,SOULED_286025,AddToCart,,2026-08-14T07:44:07.582926,2026-08-14T07:44:07.582926
EV00239,EV00239,U024,SOULED_286025,DisLikes,,2026-08-15T09:14:15.749126,2026-08-15T09:14:15.749126
EV00240,EV00240,U018,SOULED_286025,AddToCart,,2026-08-12T11:44:36.808664,2026-08-12T11:44:36.808664
EV00241,EV00241,U066,SOULED_286025,Purchase,,2026-08-13T07:32:36.322088,2026-08-13T07:32:36.322088
EV00242,EV00242,U001,SOULED_286025,AddToCart,,2026-08-17T20:32:41.576098,2026-08-17T20:32:41.576098
EV00243,EV00243,U049,SOULED_286025,Likes,,2026-08-14T20:54:00.454007,2026-08-14T20:54:00.454007
EV00244,EV00244,U015,SOULED_286025,DisLikes,,2026-08-12T00:53:34.222633,2026-08-12T00:53:34.222633
EV00245,EV00245,U067,SOULED_286025,Likes,,2026-08-13T15:25:05.145185,2026-08-13T15:25:05.145185
EV00246,EV00246,U009,SOULED_286025,AddToCart,,2026-08-16T06:37:08.514121,2026-08-16T06:37:08.514121
EV00247,EV00247,U046,SOULED_286025,Likes,,2026-08-13T08:18:15.365714,2026-08-13T08:18:15.365714
EV00248,EV00248,U077,SOULED_286025,Likes,,2026-08-11T22:19:35.439618,2026-08-11T22:19:35.439618
EV00249,EV00249,U053,SOULED_286025,Purchase,,2026-08-15T19:59:50.867191,2026-08-15T19:59:50.867191
EV00250,EV00250,U019,SOULED_286025,AddToCart,,2026-08-18T01:19:26.981131,2026-08-18T01:19:26.981131
EV00251,EV00251,U050,SOULED_286025,AddToCart,,2026-08-12T08:15:19.276475,2026-08-12T08:15:19.276475
EV00252,EV00252,U044,SOULED_286025,AddToCart,,2026-08-18T09:07:58.958355,2026-08-18T09:07:58.958355
EV00253,EV00253,U070,SOULED_286025,Likes,,2026-08-17T21:19:54.468324,2026-08-17T21:19:54.468324
EV00254,EV00254,U037,SOULED_286025,DisLikes,,2026-08-13T18:45:46.544503,2026-08-13T18:45:46.544503
EV00255,EV00255,U072,SOULED_286025,AddToCart,,2026-08-13T14:29:29.223641,2026-08-13T14:29:29.223641
EV00256,EV00256,U039,SOULED_286025,AddToCart,,2026-08-18T07:10:32.841205,2026-08-18T07:10:32.841205
EV00257,EV00257,U079,SOULED_286025,DisLikes,,2026-08-12T19:07:14.221027,2026-08-12T19:07:14.221027
EV00258,EV00258,U026,SOULED_286025,Likes,,2026-08-15T03:10:44.968920,2026-08-15T03:10:44.968920
EV00259,EV00259,U026,SOULED_286025,Likes,,2026-08-15T21:39:55.582826,2026-08-15T21:39:55.582826
EV00260,EV00260,U065,SOULED_286025,Purchase,,2026-08-14T01:33:34.042541,2026-08-14T01:33:34.042541
EV00261,EV00261,U018,SOULED_286025,AddToCart,,2026-08-16T06:22:04.578118,2026-08-16T06:22:04.578118
EV00262,EV00262,U058,SOULED_286025,AddToCart,,2026-08-16T14:22:44.626095,2026-08-16T14:22:44.626095
EV00263,EV00263,U023,SOULED_286025,Likes,,2026-08-16T18:18:54.786180,2026-08-16T18:18:54.786180
EV00264,EV00264,U040,SOULED_286025,Purchase,,2026-08-17T08:33:04.959987,2026-08-17T08:33:04.959987
EV00265,EV00265,U004,SOULED_286025,Likes,,2026-08-13T18:02:52.647978,2026-08-13T18:02:52.647978
EV00266,EV00266,U034,SOULED_286025,AddToCart,,2026-08-11T20:10:18.295218,2026-08-11T20:10:18.295218
EV00267,EV00267,U008,SOULED_286025,Likes,,2026-08-17T16:50:14.762732,2026-08-17T16:50:14.762732
EV00268,EV00268,U031,SOULED_286025,DisLikes,,2026-08-11T20:21:41.776507,2026-08-11T20:21:41.776507
EV00269,EV00269,U039,SOULED_286025,DisLikes,,2026-08-15T23:07:55.310527,2026-08-15T23:07:55.310527
EV00270,EV00270,U070,SOULED_286025,Purchase,,2026-08-15T06:04:11.561441,2026-08-15T06:04:11.561441
EV00271,EV00271,U020,SOULED_286025,Likes,,2026-08-18T04:12:18.238719,2026-08-18T04:12:18.238719
EV00272,EV00272,U018,BEWAKOOF_629070,Likes,,2026-08-15T13:11:28.983458,2026-08-15T13:11:28.983458
EV00273,EV00273,U019,BEWAKOOF_629070,DisLikes,,2026-08-16T07:08:28.812503,2026-08-16T07:08:28.812503
EV00274,EV00274,U014,BEWAKOOF_629070,Purchase,,2026-08-13T12:26:46.626812,2026-08-13T12:26:46.626812
EV00275,EV00275,U070,BEWAKOOF_629070,DisLikes,,2026-08-16T16:43:46.545054,2026-08-16T16:43:46.545054
EV00276,EV00276,U028,BEWAKOOF_629070,Likes,,2026-08-16T10:04:14.638967,2026-08-16T10:04:14.638967
EV00277,EV00277,U024,BEWAKOOF_629070,Purchase,,2026-08-15T00:44:43.451679,2026-08-15T00:44:43.451679
EV00278,EV00278,U018,BEWAKOOF_629070,DisLikes,,2026-08-14T04:31:31.395923,2026-08-14T04:31:31.395923
EV00279,EV00279,U044,BEWAKOOF_629070,Likes,,2026-08-16T23:46:29.086353,2026-08-16T23:46:29.086353
EV00280,EV00280,U018,BEWAKOOF_629070,Likes,,2026-08-12T16:28:42.824104,2026-08-12T16:28:42.824104
EV00281,EV00281,U033,BEWAKOOF_629070,Likes,,2026-08-14T19:31:53.750994,2026-08-14T19:31:53.750994
EV00282,EV00282,U047,BEWAKOOF_629070,AddToCart,,2026-08-15T15:37:19.305357,2026-08-15T15:37:19.305357
EV00283,EV00283,U054,BEWAKOOF_629070,Likes,,2026-08-11T20:49:52.828466,2026-08-11T20:49:52.828466
EV00284,EV00284,U077,BEWAKOOF_629070,AddToCart,,2026-08-12T11:52:11.492004,2026-08-12T11:52:11.492004
EV00285,EV00285,U070,BEWAKOOF_629070,AddToCart,,2026-08-17T08:56:43.431253,2026-08-17T08:56:43.431253
EV00286,EV00286,U020,BEWAKOOF_629070,Likes,,2026-08-14T04:36:35.192201,2026-08-14T04:36:35.192201
EV00287,EV00287,U073,BEWAKOOF_629070,Purchase,,2026-08-15T03:29:19.657582,2026-08-15T03:29:19.657582
EV00288,EV00288,U065,BEWAKOOF_629070,Likes,,2026-08-12T02:31:53.272641,2026-08-12T02:31:53.272641
EV00289,EV00289,U017,BEWAKOOF_629070,Likes,,2026-08-18T08:27:45.211102,2026-08-18T08:27:45.211102
EV00290,EV00290,U055,BEWAKOOF_629070,Likes,,2026-08-15T12:53:29.165226,2026-08-15T12:53:29.165226
EV00291,EV00291,U075,BEWAKOOF_629070,Likes,,2026-08-16T12:09:18.903547,2026-08-16T12:09:18.903547
EV00292,EV00292,U077,BEWAKOOF_629070,Likes,,2026-08-16T00:24:55.987843,2026-08-16T00:24:55.987843
EV00293,EV00293,U031,BEWAKOOF_629070,Likes,,2026-08-13T21:13:19.572410,2026-08-13T21:13:19.572410
EV00294,EV00294,U023,BEWAKOOF_629070,Likes,,2026-08-15T22:50:43.223392,2026-08-15T22:50:43.223392
EV00295,EV00295,U051,BEWAKOOF_629070,Likes,,2026-08-18T14:53:44.301027,2026-08-18T14:53:44.301027
EV00296,EV00296,U060,BEWAKOOF_629070,AddToCart,,2026-08-18T14:57:55.551113,2026-08-18T14:57:55.551113
EV00297,EV00297,U035,BEWAKOOF_629070,Likes,,2026-08-15T07:16:47.781137,2026-08-15T07:16:47.781137
EV00298,EV00298,U053,BEWAKOOF_629070,Likes,,2026-08-13T07:46:32.970080,2026-08-13T07:46:32.970080
EV00299,EV00299,U043,BEWAKOOF_629070,AddToCart,,2026-08-16T20:40:40.023773,2026-08-16T20:40:40.023773
EV00300,EV00300,U078,BEWAKOOF_629070,Likes,,2026-08-15T08:51:10.654908,2026-08-15T08:51:10.654908
EV00301,EV00301,U057,BEWAKOOF_629070,AddToCart,,2026-08-17T01:54:56.870608,2026-08-17T01:54:56.870608
EV00302,EV00302,U046,BEWAKOOF_629070,Purchase,,2026-08-18T07:14:24.570829,2026-08-18T07:14:24.570829
EV00303,EV00303,U012,BEWAKOOF_629070,Likes,,2026-08-13T19:02:25.419401,2026-08-13T19:02:25.419401
EV00304,EV00304,U012,BEWAKOOF_629070,Likes,,2026-08-17T16:36:41.580055,2026-08-17T16:36:41.580055
EV00305,EV00305,U041,BEWAKOOF_629070,Purchase,,2026-08-18T13:39:19.692984,2026-08-18T13:39:19.692984
EV00306,EV00306,U029,BEWAKOOF_629070,Likes,,2026-08-17T21:06:42.975218,2026-08-17T21:06:42.975218
EV00307,EV00307,U051,BEWAKOOF_629070,DisLikes,,2026-08-16T23:43:52.308338,2026-08-16T23:43:52.308338
EV00308,EV00308,U006,BEWAKOOF_629070,DisLikes,,2026-08-12T20:32:19.753103,2026-08-12T20:32:19.753103
EV00309,EV00309,U012,BEWAKOOF_629070,Likes,,2026-08-12T19:53:48.375247,2026-08-12T19:53:48.375247
EV00310,EV00310,U025,BEWAKOOF_628257,Likes,,2026-08-13T09:01:23.825723,2026-08-13T09:01:23.825723
EV00311,EV00311,U058,BEWAKOOF_628257,Likes,,2026-08-12T09:13:10.336596,2026-08-12T09:13:10.336596
EV00312,EV00312,U057,BEWAKOOF_628257,Likes,,2026-08-14T12:41:16.064590,2026-08-14T12:41:16.064590
EV00313,EV00313,U060,BEWAKOOF_628257,Likes,,2026-08-13T02:27:32.621144,2026-08-13T02:27:32.621144
EV00314,EV00314,U071,BEWAKOOF_628257,Likes,,2026-08-13T04:44:06.071413,2026-08-13T04:44:06.071413
EV00315,EV00315,U058,BEWAKOOF_628257,Likes,,2026-08-15T19:35:51.389377,2026-08-15T19:35:51.389377
EV00316,EV00316,U076,BEWAKOOF_628257,Likes,,2026-08-18T02:25:09.756897,2026-08-18T02:25:09.756897
EV00317,EV00317,U054,BEWAKOOF_628257,Likes,,2026-08-18T12:03:37.057474,2026-08-18T12:03:37.057474
EV00318,EV00318,U076,BEWAKOOF_628257,Likes,,2026-08-13T16:49:00.295334,2026-08-13T16:49:00.295334
EV00319,EV00319,U011,BEWAKOOF_628257,AddToCart,,2026-08-16T11:24:26.168898,2026-08-16T11:24:26.168898
EV00320,EV00320,U038,BEWAKOOF_628257,Purchase,,2026-08-14T14:15:12.676422,2026-08-14T14:15:12.676422
EV00321,EV00321,U030,BEWAKOOF_628257,Likes,,2026-08-13T22:03:12.574770,2026-08-13T22:03:12.574770
EV00322,EV00322,U068,BEWAKOOF_628257,Likes,,2026-08-15T04:22:35.391967,2026-08-15T04:22:35.391967
EV00323,EV00323,U023,BEWAKOOF_628257,Likes,,2026-08-18T12:27:39.034789,2026-08-18T12:27:39.034789
EV00324,EV00324,U063,BEWAKOOF_628257,Purchase,,2026-08-14T15:45:12.992169,2026-08-14T15:45:12.992169
EV00325,EV00325,U022,BEWAKOOF_628257,Purchase,,2026-08-12T15:29:18.966069,2026-08-12T15:29:18.966069
EV00326,EV00326,U025,BEWAKOOF_628257,DisLikes,,2026-08-14T09:41:24.746616,2026-08-14T09:41:24.746616
EV00327,EV00327,U032,BEWAKOOF_628257,Likes,,2026-08-14T14:07:59.638424,2026-08-14T14:07:59.638424
EV00328,EV00328,U069,BEWAKOOF_628257,Likes,,2026-08-14T02:51:49.362666,2026-08-14T02:51:49.362666
EV00329,EV00329,U036,BEWAKOOF_628257,Likes,,2026-08-14T13:56:46.243097,2026-08-14T13:56:46.243097
EV00330,EV00330,U024,BEWAKOOF_628257,Likes,,2026-08-12T16:32:53.029712,2026-08-12T16:32:53.029712
EV00331,EV00331,U014,BEWAKOOF_628257,DisLikes,,2026-08-14T20:49:43.685631,2026-08-14T20:49:43.685631
EV00332,EV00332,U074,BEWAKOOF_628257,Likes,,2026-08-14T00:34:44.248970,2026-08-14T00:34:44.248970
EV00333,EV00333,U078,BEWAKOOF_628257,DisLikes,,2026-08-13T11:23:31.767209,2026-08-13T11:23:31.767209
EV00334,EV00334,U064,BEWAKOOF_628257,Purchase,,2026-08-15T18:44:29.086661,2026-08-15T18:44:29.086661
EV00335,EV00335,U003,BEWAKOOF_628257,Likes,,2026-08-13T05:15:17.302597,2026-08-13T05:15:17.302597
EV00336,EV00336,U007,BEWAKOOF_628257,DisLikes,,2026-08-15T20:35:14.500435,2026-08-15T20:35:14.500435
EV00337,EV00337,U041,BEWAKOOF_628257,Purchase,,2026-08-15T22:42:05.346331,2026-08-15T22:42:05.346331
EV00338,EV00338,U052,BEWAKOOF_628257,AddToCart,,2026-08-17T14:47:19.695651,2026-08-17T14:47:19.695651
EV00339,EV00339,U047,BEWAKOOF_628257,Likes,,2026-08-17T06:36:05.088332,2026-08-17T06:36:05.088332
EV00340,EV00340,U074,BEWAKOOF_628257,AddToCart,,2026-08-12T10:13:59.386162,2026-08-12T10:13:59.386162
EV00341,EV00341,U056,BEWAKOOF_628257,Likes,,2026-08-13T15:27:37.073671,2026-08-13T15:27:37.073671
EV00342,EV00342,U060,BEWAKOOF_628257,AddToCart,,2026-08-16T01:18:18.960612,2026-08-16T01:18:18.960612
EV00343,EV00343,U077,BEWAKOOF_628257,AddToCart,,2026-08-13T15:50:42.990997,2026-08-13T15:50:42.990997
EV00344,EV00344,U002,BEWAKOOF_628257,AddToCart,,2026-08-14T18:09:12.482872,2026-08-14T18:09:12.482872
EV00345,EV00345,U063,BEWAKOOF_628257,Purchase,,2026-08-12T17:54:18.821698,2026-08-12T17:54:18.821698
EV00346,EV00346,U077,BEWAKOOF_628257,AddToCart,,2026-08-17T22:52:08.797419,2026-08-17T22:52:08.797419
EV00347,EV00347,U011,BEWAKOOF_628257,AddToCart,,2026-08-18T11:23:24.731631,2026-08-18T11:23:24.731631
EV00348,EV00348,U026,BEWAKOOF_628257,Purchase,,2026-08-16T01:36:59.957397,2026-08-16T01:36:59.957397
EV00349,EV00349,U053,BEWAKOOF_628257,Purchase,,2026-08-15T22:45:47.048114,2026-08-15T22:45:47.048114
EV00350,EV00350,U063,BEWAKOOF_628257,Likes,,2026-08-14T11:49:12.411950,2026-08-14T11:49:12.411950
EV00351,EV00351,U065,BEWAKOOF_628257,Likes,,2026-08-14T12:57:25.295433,2026-08-14T12:57:25.295433
EV00352,EV00352,U003,BEWAKOOF_628257,Purchase,,2026-08-15T10:50:51.996427,2026-08-15T10:50:51.996427
EV00353,EV00353,U062,BEWAKOOF_628257,Likes,,2026-08-15T22:50:54.265587,2026-08-15T22:50:54.265587
EV00354,EV00354,U053,BEWAKOOF_628257,Likes,,2026-08-17T12:35:09.735994,2026-08-17T12:35:09.735994
EV00355,EV00355,U018,BEWAKOOF_628257,Likes,,2026-08-12T03:19:38.096817,2026-08-12T03:19:38.096817
EV00356,EV00356,U025,BEWAKOOF_628257,Likes,,2026-08-17T23:01:19.874761,2026-08-17T23:01:19.874761
EV00357,EV00357,U054,BEWAKOOF_628257,Purchase,,2026-08-16T17:46:42.840571,2026-08-16T17:46:42.840571
EV00358,EV00358,U004,URBANIC_1533911,Likes,,2026-08-15T01:58:27.332701,2026-08-15T01:58:27.332701
EV00359,EV00359,U017,URBANIC_1533911,Likes,,2026-08-16T20:49:33.905289,2026-08-16T20:49:33.905289
EV00360,EV00360,U078,URBANIC_1533911,Likes,,2026-08-12T02:36:13.059117,2026-08-12T02:36:13.059117
EV00361,EV00361,U012,URBANIC_1533911,DisLikes,,2026-08-15T06:17:59.987850,2026-08-15T06:17:59.987850
EV00362,EV00362,U020,URBANIC_1533911,Likes,,2026-08-16T15:03:34.409146,2026-08-16T15:03:34.409146
EV00363,EV00363,U066,URBANIC_1533911,AddToCart,,2026-08-12T16:05:14.872391,2026-08-12T16:05:14.872391
EV00364,EV00364,U030,URBANIC_1533911,Purchase,,2026-08-11T22:50:39.926342,2026-08-11T22:50:39.926342
EV00365,EV00365,U066,URBANIC_1533911,Purchase,,2026-08-18T03:26:43.056012,2026-08-18T03:26:43.056012
EV00366,EV00366,U001,URBANIC_1533911,Likes,,2026-08-14T20:56:01.217772,2026-08-14T20:56:01.217772
EV00367,EV00367,U074,URBANIC_1533911,Likes,,2026-08-12T21:07:57.371352,2026-08-12T21:07:57.371352
EV00368,EV00368,U006,URBANIC_1533911,DisLikes,,2026-08-17T12:11:16.291295,2026-08-17T12:11:16.291295
EV00369,EV00369,U041,URBANIC_1533911,Likes,,2026-08-17T13:00:13.479082,2026-08-17T13:00:13.479082
EV00370,EV00370,U035,URBANIC_1533911,DisLikes,,2026-08-13T15:11:36.758744,2026-08-13T15:11:36.758744
EV00371,EV00371,U051,URBANIC_1533911,Likes,,2026-08-16T02:34:41.650658,2026-08-16T02:34:41.650658
EV00372,EV00372,U031,URBANIC_1533911,AddToCart,,2026-08-13T09:07:07.172681,2026-08-13T09:07:07.172681
EV00373,EV00373,U009,URBANIC_1533911,Likes,,2026-08-12T05:30:27.090889,2026-08-12T05:30:27.090889
EV00374,EV00374,U051,URBANIC_1533911,Purchase,,2026-08-17T22:46:55.550268,2026-08-17T22:46:55.550268
EV00375,EV00375,U020,URBANIC_1533911,Likes,,2026-08-12T21:01:16.930489,2026-08-12T21:01:16.930489
EV00376,EV00376,U019,URBANIC_1533911,Likes,,2026-08-15T13:44:58.664097,2026-08-15T13:44:58.664097
EV00377,EV00377,U049,URBANIC_1533911,Likes,,2026-08-13T19:15:16.739311,2026-08-13T19:15:16.739311
EV00378,EV00378,U064,URBANIC_1533911,AddToCart,,2026-08-16T07:47:21.452937,2026-08-16T07:47:21.452937
EV00379,EV00379,U056,URBANIC_1533911,DisLikes,,2026-08-16T22:37:36.269601,2026-08-16T22:37:36.269601
EV00380,EV00380,U068,URBANIC_1533911,Likes,,2026-08-12T05:45:20.030770,2026-08-12T05:45:20.030770
EV00381,EV00381,U071,URBANIC_1533911,Purchase,,2026-08-13T08:18:06.208746,2026-08-13T08:18:06.208746
EV00382,EV00382,U013,URBANIC_1533911,Likes,,2026-08-15T00:42:43.826204,2026-08-15T00:42:43.826204
EV00383,EV00383,U027,URBANIC_1533911,DisLikes,,2026-08-15T16:14:45.496478,2026-08-15T16:14:45.496478
EV00384,EV00384,U040,URBANIC_1533911,Likes,,2026-08-12T03:45:34.246946,2026-08-12T03:45:34.246946
EV00385,EV00385,U029,URBANIC_1533911,Likes,,2026-08-12T03:36:12.690008,2026-08-12T03:36:12.690008
EV00386,EV00386,U035,URBANIC_1533911,DisLikes,,2026-08-17T05:16:01.959311,2026-08-17T05:16:01.959311
EV00387,EV00387,U065,URBANIC_1533911,Likes,,2026-08-18T10:15:42.333886,2026-08-18T10:15:42.333886
EV00388,EV00388,U068,URBANIC_1533911,Purchase,,2026-08-16T10:41:32.936844,2026-08-16T10:41:32.936844
EV00389,EV00389,U049,URBANIC_1533911,DisLikes,,2026-08-15T11:16:34.897174,2026-08-15T11:16:34.897174
EV00390,EV00390,U066,URBANIC_1533911,DisLikes,,2026-08-17T08:36:33.375260,2026-08-17T08:36:33.375260
EV00391,EV00391,U004,URBANIC_1533911,Purchase,,2026-08-13T01:37:07.760979,2026-08-13T01:37:07.760979
EV00392,EV00392,U011,URBANIC_1533911,Likes,,2026-08-17T14:13:01.633208,2026-08-17T14:13:01.633208
EV00393,EV00393,U072,URBANIC_1533911,Purchase,,2026-08-16T07:27:08.270172,2026-08-16T07:27:08.270172
EV00394,EV00394,U030,URBANIC_1533911,Likes,,2026-08-13T05:30:40.605443,2026-08-13T05:30:40.605443
EV00395,EV00395,U017,URBANIC_1533911,DisLikes,,2026-08-13T12:37:47.314691,2026-08-13T12:37:47.314691
EV00396,EV00396,U035,URBANIC_1533911,Likes,,2026-08-12T08:24:18.826129,2026-08-12T08:24:18.826129
EV00397,EV00397,U078,URBANIC_1533911,Likes,,2026-08-14T06:52:46.700784,2026-08-14T06:52:46.700784
EV00398,EV00398,U068,URBANIC_1533911,Purchase,,2026-08-16T17:19:27.755318,2026-08-16T17:19:27.755318
EV00399,EV00399,U032,URBANIC_1533911,Likes,,2026-08-15T12:22:41.885356,2026-08-15T12:22:41.885356
EV00400,EV00400,U025,URBANIC_1533911,Likes,,2026-08-14T07:58:41.201688,2026-08-14T07:58:41.201688
EV00401,EV00401,U037,URBANIC_1533911,Likes,,2026-08-12T08:43:13.248485,2026-08-12T08:43:13.248485
EV00402,EV00402,U033,URBANIC_1533911,AddToCart,,2026-08-15T11:54:54.862795,2026-08-15T11:54:54.862795
EV00403,EV00403,U030,URBANIC_1533911,DisLikes,,2026-08-14T13:17:46.984022,2026-08-14T13:17:46.984022
EV00404,EV00404,U075,URBANIC_1533911,Purchase,,2026-08-16T07:14:08.880609,2026-08-16T07:14:08.880609
EV00405,EV00405,U070,URBANIC_1533911,Likes,,2026-08-14T00:30:06.177352,2026-08-14T00:30:06.177352
EV00406,EV00406,U075,URBANIC_1533911,Likes,,2026-08-15T13:47:11.802898,2026-08-15T13:47:11.802898
EV00407,EV00407,U017,URBANIC_1533911,Purchase,,2026-08-13T12:49:44.069010,2026-08-13T12:49:44.069010
EV00408,EV00408,U032,URBANIC_1533911,DisLikes,,2026-08-14T03:27:19.315290,2026-08-14T03:27:19.315290
EV00409,EV00409,U038,URBANIC_1533911,Likes,,2026-08-12T04:31:43.884484,2026-08-12T04:31:43.884484
EV00410,EV00410,U026,URBANIC_1533911,AddToCart,,2026-08-15T21:22:27.067276,2026-08-15T21:22:27.067276
EV00411,EV00411,U030,BONKERS_14702758953324,AddToCart,,2026-08-15T04:06:31.007163,2026-08-15T04:06:31.007163
EV00412,EV00412,U017,BONKERS_14702758953324,Purchase,,2026-08-15T18:44:12.283573,2026-08-15T18:44:12.283573
EV00413,EV00413,U063,BONKERS_14702758953324,Likes,,2026-08-15T20:33:19.794281,2026-08-15T20:33:19.794281
EV00414,EV00414,U011,BONKERS_14702758953324,Likes,,2026-08-17T18:38:05.860601,2026-08-17T18:38:05.860601
EV00415,EV00415,U014,BONKERS_14702758953324,DisLikes,,2026-08-14T04:11:10.218369,2026-08-14T04:11:10.218369
EV00416,EV00416,U039,BONKERS_14702758953324,DisLikes,,2026-08-18T11:56:26.818032,2026-08-18T11:56:26.818032
EV00417,EV00417,U069,BONKERS_14702758953324,Likes,,2026-08-13T08:10:20.476227,2026-08-13T08:10:20.476227
EV00418,EV00418,U014,BONKERS_14702758953324,AddToCart,,2026-08-16T22:54:30.344772,2026-08-16T22:54:30.344772
EV00419,EV00419,U008,BONKERS_14702758953324,Likes,,2026-08-16T18:15:42.388158,2026-08-16T18:15:42.388158
EV00420,EV00420,U013,BONKERS_14702758953324,Likes,,2026-08-16T16:53:45.879208,2026-08-16T16:53:45.879208
EV00421,EV00421,U013,BONKERS_14702758953324,Purchase,,2026-08-17T06:06:54.034896,2026-08-17T06:06:54.034896
EV00422,EV00422,U033,BONKERS_14702758953324,DisLikes,,2026-08-13T20:41:58.700197,2026-08-13T20:41:58.700197
EV00423,EV00423,U060,BONKERS_14702758953324,DisLikes,,2026-08-16T21:31:59.575883,2026-08-16T21:31:59.575883
EV00424,EV00424,U059,BONKERS_14702758953324,DisLikes,,2026-08-16T10:51:45.032691,2026-08-16T10:51:45.032691
EV00425,EV00425,U050,BONKERS_14702758953324,Likes,,2026-08-13T23:18:17.505498,2026-08-13T23:18:17.505498
EV00426,EV00426,U027,BONKERS_14702758953324,Likes,,2026-08-15T21:52:35.899167,2026-08-15T21:52:35.899167
EV00427,EV00427,U033,BONKERS_14702758953324,DisLikes,,2026-08-15T14:42:54.675385,2026-08-15T14:42:54.675385
EV00428,EV00428,U045,BONKERS_14702758953324,Purchase,,2026-08-12T19:47:47.099326,2026-08-12T19:47:47.099326
EV00429,EV00429,U074,BONKERS_14702758953324,DisLikes,,2026-08-15T07:13:38.453061,2026-08-15T07:13:38.453061
EV00430,EV00430,U021,BONKERS_14702758953324,DisLikes,,2026-08-16T08:38:22.948436,2026-08-16T08:38:22.948436
EV00431,EV00431,U021,BONKERS_14702758953324,Purchase,,2026-08-12T08:23:25.254055,2026-08-12T08:23:25.254055
EV00432,EV00432,U028,BONKERS_14702758953324,AddToCart,,2026-08-11T23:31:25.332837,2026-08-11T23:31:25.332837
EV00433,EV00433,U077,BONKERS_14702758953324,AddToCart,,2026-08-13T10:42:43.069170,2026-08-13T10:42:43.069170
EV00434,EV00434,U041,BONKERS_14702758953324,Likes,,2026-08-15T12:40:25.206679,2026-08-15T12:40:25.206679
EV00435,EV00435,U074,BONKERS_14702758953324,DisLikes,,2026-08-16T15:56:58.633637,2026-08-16T15:56:58.633637
EV00436,EV00436,U013,BONKERS_14702758953324,Likes,,2026-08-14T15:32:15.973491,2026-08-14T15:32:15.973491
EV00437,EV00437,U051,BONKERS_14702758953324,Likes,,2026-08-13T01:59:10.769037,2026-08-13T01:59:10.769037
EV00438,EV00438,U068,BONKERS_14702758953324,AddToCart,,2026-08-17T11:47:53.178199,2026-08-17T11:47:53.178199
EV00439,EV00439,U039,BONKERS_14702758953324,Likes,,2026-08-13T05:00:46.433821,2026-08-13T05:00:46.433821
EV00440,EV00440,U005,BONKERS_14702758953324,AddToCart,,2026-08-17T16:35:28.904725,2026-08-17T16:35:28.904725
EV00441,EV00441,U079,BONKERS_14702758953324,Likes,,2026-08-15T23:30:30.427031,2026-08-15T23:30:30.427031
EV00442,EV00442,U022,BONKERS_14702758953324,Purchase,,2026-08-17T07:44:09.039535,2026-08-17T07:44:09.039535
EV00443,EV00443,U051,BONKERS_14702758953324,Likes,,2026-08-14T10:02:12.347622,2026-08-14T10:02:12.347622
EV00444,EV00444,U045,BONKERS_14702758953324,Purchase,,2026-08-11T23:05:47.960576,2026-08-11T23:05:47.960576
EV00445,EV00445,U012,BONKERS_14702758953324,Likes,,2026-08-13T06:07:05.625577,2026-08-13T06:07:05.625577
EV00446,EV00446,U078,BONKERS_14702758953324,Likes,,2026-08-12T14:45:33.480559,2026-08-12T14:45:33.480559
EV00447,EV00447,U045,BONKERS_14702758953324,Likes,,2026-08-12T23:17:52.394521,2026-08-12T23:17:52.394521
EV00448,EV00448,U014,BONKERS_14702758953324,Likes,,2026-08-15T18:03:07.985718,2026-08-15T18:03:07.985718
EV00449,EV00449,U037,BONKERS_14702758953324,Likes,,2026-08-13T23:11:05.563818,2026-08-13T23:11:05.563818
EV00450,EV00450,U009,BONKERS_14702758953324,DisLikes,,2026-08-11T21:15:55.480912,2026-08-11T21:15:55.480912
EV00451,EV00451,U016,BONKERS_14702758953324,Likes,,2026-08-17T23:37:48.632429,2026-08-17T23:37:48.632429
EV00452,EV00452,U078,BONKERS_14702758953324,AddToCart,,2026-08-11T23:46:30.320766,2026-08-11T23:46:30.320766
EV00453,EV00453,U042,BONKERS_14702758953324,Likes,,2026-08-15T17:50:35.061132,2026-08-15T17:50:35.061132
EV00454,EV00454,U066,BONKERS_14702758953324,Likes,,2026-08-14T01:27:11.201368,2026-08-14T01:27:11.201368
EV00455,EV00455,U049,BEWAKOOF_671030,AddToCart,,2026-08-12T23:21:52.813370,2026-08-12T23:21:52.813370
EV00456,EV00456,U072,BEWAKOOF_671030,Likes,,2026-08-16T10:41:25.480770,2026-08-16T10:41:25.480770
EV00457,EV00457,U012,BEWAKOOF_671030,AddToCart,,2026-08-13T04:22:47.679829,2026-08-13T04:22:47.679829
EV00458,EV00458,U034,BEWAKOOF_671030,Purchase,,2026-08-17T15:40:50.762880,2026-08-17T15:40:50.762880
EV00459,EV00459,U023,BEWAKOOF_671030,AddToCart,,2026-08-17T23:29:02.128724,2026-08-17T23:29:02.128724
EV00460,EV00460,U065,BEWAKOOF_671030,DisLikes,,2026-08-18T04:08:51.542520,2026-08-18T04:08:51.542520
EV00461,EV00461,U064,BEWAKOOF_671030,Likes,,2026-08-18T15:04:55.227428,2026-08-18T15:04:55.227428
EV00462,EV00462,U072,BEWAKOOF_671030,AddToCart,,2026-08-18T09:28:51.772444,2026-08-18T09:28:51.772444
EV00463,EV00463,U024,BEWAKOOF_671030,DisLikes,,2026-08-13T00:49:56.238472,2026-08-13T00:49:56.238472
EV00464,EV00464,U002,BEWAKOOF_671030,Likes,,2026-08-12T18:41:02.211978,2026-08-12T18:41:02.211978
EV00465,EV00465,U068,BEWAKOOF_671030,AddToCart,,2026-08-14T23:12:40.933484,2026-08-14T23:12:40.933484
EV00466,EV00466,U047,BEWAKOOF_671030,Likes,,2026-08-15T22:47:14.218581,2026-08-15T22:47:14.218581
EV00467,EV00467,U061,BEWAKOOF_671030,AddToCart,,2026-08-16T21:09:01.824858,2026-08-16T21:09:01.824858
EV00468,EV00468,U033,BEWAKOOF_671030,Likes,,2026-08-13T12:43:23.726761,2026-08-13T12:43:23.726761
EV00469,EV00469,U048,BEWAKOOF_671030,Likes,,2026-08-16T03:07:28.842033,2026-08-16T03:07:28.842033
EV00470,EV00470,U029,BEWAKOOF_671030,Likes,,2026-08-13T12:31:24.118973,2026-08-13T12:31:24.118973
EV00471,EV00471,U025,BEWAKOOF_671030,Likes,,2026-08-18T01:08:03.649663,2026-08-18T01:08:03.649663
EV00472,EV00472,U069,BEWAKOOF_671030,Likes,,2026-08-13T00:50:07.809448,2026-08-13T00:50:07.809448
EV00473,EV00473,U031,BEWAKOOF_671030,Likes,,2026-08-11T21:32:06.973532,2026-08-11T21:32:06.973532
EV00474,EV00474,U023,BEWAKOOF_671030,DisLikes,,2026-08-15T13:56:02.439929,2026-08-15T13:56:02.439929
EV00475,EV00475,U009,BEWAKOOF_671030,Likes,,2026-08-12T16:21:10.531372,2026-08-12T16:21:10.531372
EV00476,EV00476,U005,BEWAKOOF_671030,AddToCart,,2026-08-17T07:46:59.505053,2026-08-17T07:46:59.505053
EV00477,EV00477,U031,BEWAKOOF_671030,Likes,,2026-08-14T04:05:43.474554,2026-08-14T04:05:43.474554
EV00478,EV00478,U017,BEWAKOOF_671030,AddToCart,,2026-08-14T18:43:36.539236,2026-08-14T18:43:36.539236
EV00479,EV00479,U057,BEWAKOOF_671030,DisLikes,,2026-08-12T23:56:52.110719,2026-08-12T23:56:52.110719
EV00480,EV00480,U002,BEWAKOOF_671030,Likes,,2026-08-18T07:05:41.767744,2026-08-18T07:05:41.767744
EV00481,EV00481,U079,BEWAKOOF_671030,DisLikes,,2026-08-15T07:49:12.431730,2026-08-15T07:49:12.431730
EV00482,EV00482,U042,BEWAKOOF_671030,Likes,,2026-08-13T11:28:32.529538,2026-08-13T11:28:32.529538
EV00483,EV00483,U066,BEWAKOOF_671030,AddToCart,,2026-08-14T19:34:30.223153,2026-08-14T19:34:30.223153
EV00484,EV00484,U021,BEWAKOOF_671030,Likes,,2026-08-15T01:59:22.460054,2026-08-15T01:59:22.460054
EV00485,EV00485,U004,BEWAKOOF_671030,Likes,,2026-08-14T19:06:22.825082,2026-08-14T19:06:22.825082
EV00486,EV00486,U019,BEWAKOOF_671030,Likes,,2026-08-18T14:59:32.842950,2026-08-18T14:59:32.842950
EV00487,EV00487,U063,BEWAKOOF_671030,Likes,,2026-08-12T13:10:56.604860,2026-08-12T13:10:56.604860
EV00488,EV00488,U011,BEWAKOOF_671030,Likes,,2026-08-12T13:52:32.117149,2026-08-12T13:52:32.117149
EV00489,EV00489,U045,BEWAKOOF_671030,Likes,,2026-08-15T09:28:06.571116,2026-08-15T09:28:06.571116
EV00490,EV00490,U056,BEWAKOOF_671030,Likes,,2026-08-17T04:02:58.460090,2026-08-17T04:02:58.460090
EV00491,EV00491,U008,BEWAKOOF_671030,DisLikes,,2026-08-17T07:15:47.765890,2026-08-17T07:15:47.765890
EV00492,EV00492,U029,BEWAKOOF_671030,Likes,,2026-08-17T22:59:03.296634,2026-08-17T22:59:03.296634
EV00493,EV00493,U041,BEWAKOOF_671030,Likes,,2026-08-15T18:10:35.300184,2026-08-15T18:10:35.300184
EV00494,EV00494,U073,BEWAKOOF_671030,Likes,,2026-08-12T18:46:07.186209,2026-08-12T18:46:07.186209
EV00495,EV00495,U076,BEWAKOOF_671030,Likes,,2026-08-16T04:17:27.056497,2026-08-16T04:17:27.056497
EV00496,EV00496,U043,BEWAKOOF_671030,Likes,,2026-08-16T19:57:00.487180,2026-08-16T19:57:00.487180
EV00497,EV00497,U067,BEWAKOOF_671030,DisLikes,,2026-08-17T05:38:49.092312,2026-08-17T05:38:49.092312
EV00498,EV00498,U015,BEWAKOOF_671030,Purchase,,2026-08-17T22:52:27.257287,2026-08-17T22:52:27.257287
EV00499,EV00499,U010,BEWAKOOF_671030,Likes,,2026-08-17T20:20:43.411081,2026-08-17T20:20:43.411081
EV00500,EV00500,U024,BEWAKOOF_671030,Likes,,2026-08-12T20:03:28.340570,2026-08-12T20:03:28.340570
EV00501,EV00501,U016,BEWAKOOF_671030,AddToCart,,2026-08-13T01:22:25.899608,2026-08-13T01:22:25.899608
EV00502,EV00502,U015,BEWAKOOF_671030,Purchase,,2026-08-18T07:57:26.243518,2026-08-18T07:57:26.243518
EV00503,EV00503,U040,BEWAKOOF_671030,Likes,,2026-08-16T10:18:00.728266,2026-08-16T10:18:00.728266
EV00504,EV00504,U008,BEWAKOOF_671030,DisLikes,,2026-08-13T03:35:46.683982,2026-08-13T03:35:46.683982
EV00505,EV00505,U047,BEWAKOOF_671030,Likes,,2026-08-11T23:27:12.867776,2026-08-11T23:27:12.867776
EV00506,EV00506,U002,BEWAKOOF_671030,Likes,,2026-08-12T00:43:05.804285,2026-08-12T00:43:05.804285
EV00507,EV00507,U025,BEWAKOOF_671030,Likes,,2026-08-15T22:17:26.097573,2026-08-15T22:17:26.097573
EV00508,EV00508,U048,BEWAKOOF_671030,Likes,,2026-08-16T10:45:55.772771,2026-08-16T10:45:55.772771
EV00509,EV00509,U035,URBANIC_1230271,Likes,,2026-08-12T17:48:42.720888,2026-08-12T17:48:42.720888
EV00510,EV00510,U040,URBANIC_1230271,DisLikes,,2026-08-16T04:37:52.561522,2026-08-16T04:37:52.561522
EV00511,EV00511,U051,URBANIC_1230271,Likes,,2026-08-14T07:50:12.192506,2026-08-14T07:50:12.192506
EV00512,EV00512,U035,URBANIC_1230271,Purchase,,2026-08-12T06:56:13.317859,2026-08-12T06:56:13.317859
EV00513,EV00513,U029,URBANIC_1230271,Likes,,2026-08-15T13:33:21.160211,2026-08-15T13:33:21.160211
EV00514,EV00514,U029,URBANIC_1230271,DisLikes,,2026-08-15T11:47:52.740665,2026-08-15T11:47:52.740665
EV00515,EV00515,U039,URBANIC_1230271,DisLikes,,2026-08-16T10:49:33.202006,2026-08-16T10:49:33.202006
EV00516,EV00516,U032,URBANIC_1230271,Likes,,2026-08-16T01:22:49.165453,2026-08-16T01:22:49.165453
EV00517,EV00517,U067,URBANIC_1230271,Likes,,2026-08-13T17:09:16.178964,2026-08-13T17:09:16.178964
EV00518,EV00518,U023,URBANIC_1230271,Likes,,2026-08-17T04:09:14.062841,2026-08-17T04:09:14.062841
EV00519,EV00519,U062,URBANIC_1230271,AddToCart,,2026-08-16T21:09:19.213675,2026-08-16T21:09:19.213675
EV00520,EV00520,U010,URBANIC_1230271,AddToCart,,2026-08-12T07:47:52.344873,2026-08-12T07:47:52.344873
EV00521,EV00521,U037,URBANIC_1230271,DisLikes,,2026-08-18T06:35:10.554165,2026-08-18T06:35:10.554165
EV00522,EV00522,U031,URBANIC_1230271,Purchase,,2026-08-15T23:06:47.368925,2026-08-15T23:06:47.368925
EV00523,EV00523,U052,URBANIC_1230271,DisLikes,,2026-08-18T14:24:46.363304,2026-08-18T14:24:46.363304
EV00524,EV00524,U017,URBANIC_1230271,Likes,,2026-08-14T00:07:20.343293,2026-08-14T00:07:20.343293
EV00525,EV00525,U052,URBANIC_1230271,Likes,,2026-08-13T13:50:02.403583,2026-08-13T13:50:02.403583
EV00526,EV00526,U023,URBANIC_1230271,AddToCart,,2026-08-15T06:09:04.800717,2026-08-15T06:09:04.800717
EV00527,EV00527,U077,URBANIC_1230271,Likes,,2026-08-13T06:47:07.560916,2026-08-13T06:47:07.560916
EV00528,EV00528,U039,URBANIC_1230271,Likes,,2026-08-12T15:45:08.798105,2026-08-12T15:45:08.798105
EV00529,EV00529,U037,URBANIC_1230271,DisLikes,,2026-08-16T19:02:48.792597,2026-08-16T19:02:48.792597
EV00530,EV00530,U017,URBANIC_1230271,Likes,,2026-08-13T08:42:06.108605,2026-08-13T08:42:06.108605
EV00531,EV00531,U023,URBANIC_1230271,DisLikes,,2026-08-12T01:36:38.819010,2026-08-12T01:36:38.819010
EV00532,EV00532,U006,URBANIC_1230271,Purchase,,2026-08-12T19:31:33.140657,2026-08-12T19:31:33.140657
EV00533,EV00533,U026,URBANIC_1230271,DisLikes,,2026-08-12T15:51:10.825066,2026-08-12T15:51:10.825066
EV00534,EV00534,U065,URBANIC_1230271,Likes,,2026-08-17T22:39:58.105390,2026-08-17T22:39:58.105390
EV00535,EV00535,U037,URBANIC_1230271,Likes,,2026-08-14T19:03:28.012435,2026-08-14T19:03:28.012435
EV00536,EV00536,U073,URBANIC_1230271,Purchase,,2026-08-14T12:04:11.140356,2026-08-14T12:04:11.140356
EV00537,EV00537,U011,URBANIC_1230271,Likes,,2026-08-15T19:00:40.313180,2026-08-15T19:00:40.313180
EV00538,EV00538,U028,URBANIC_1230271,Likes,,2026-08-13T05:27:48.151919,2026-08-13T05:27:48.151919
EV00539,EV00539,U076,URBANIC_1230271,Likes,,2026-08-16T13:35:13.410752,2026-08-16T13:35:13.410752
EV00540,EV00540,U054,URBANIC_1230271,AddToCart,,2026-08-18T11:15:16.936720,2026-08-18T11:15:16.936720
EV00541,EV00541,U031,URBANIC_1230271,Likes,,2026-08-13T22:32:16.720337,2026-08-13T22:32:16.720337
EV00542,EV00542,U014,URBANIC_1230271,Likes,,2026-08-14T02:05:42.323168,2026-08-14T02:05:42.323168
EV00543,EV00543,U064,URBANIC_1230271,DisLikes,,2026-08-18T08:37:23.379800,2026-08-18T08:37:23.379800
EV00544,EV00544,U019,URBANIC_1230271,Likes,,2026-08-15T01:56:07.154767,2026-08-15T01:56:07.154767
EV00545,EV00545,U010,URBANIC_1230271,Likes,,2026-08-17T08:24:27.577494,2026-08-17T08:24:27.577494
EV00546,EV00546,U015,URBANIC_1230271,Likes,,2026-08-17T23:22:02.101080,2026-08-17T23:22:02.101080
EV00547,EV00547,U044,URBANIC_1230271,Likes,,2026-08-13T03:08:34.179135,2026-08-13T03:08:34.179135
EV00548,EV00548,U069,URBANIC_1230271,Purchase,,2026-08-18T01:59:26.408293,2026-08-18T01:59:26.408293
EV00549,EV00549,U007,URBANIC_1230271,AddToCart,,2026-08-14T07:39:34.585356,2026-08-14T07:39:34.585356
EV00550,EV00550,U036,URBANIC_1230271,Likes,,2026-08-15T16:48:54.018361,2026-08-15T16:48:54.018361
EV00551,EV00551,U046,URBANIC_1230271,DisLikes,,2026-08-11T21:01:13.618528,2026-08-11T21:01:13.618528
EV00552,EV00552,U037,URBANIC_1230271,Purchase,,2026-08-18T08:34:24.645071,2026-08-18T08:34:24.645071
EV00553,EV00553,U015,URBANIC_1230271,Likes,,2026-08-12T11:47:55.812591,2026-08-12T11:47:55.812591
EV00554,EV00554,U058,URBANIC_1230271,Likes,,2026-08-12T06:25:55.247586,2026-08-12T06:25:55.247586
EV00555,EV00555,U074,URBANIC_1230271,Likes,,2026-08-18T05:24:12.005339,2026-08-18T05:24:12.005339
EV00556,EV00556,U044,URBANIC_1230271,AddToCart,,2026-08-17T13:44:49.253149,2026-08-17T13:44:49.253149
EV00557,EV00557,U001,URBANIC_1230271,Purchase,,2026-08-14T18:33:32.884328,2026-08-14T18:33:32.884328
EV00558,EV00558,U021,BEWAKOOF_694234,Likes,,2026-08-18T04:51:57.399868,2026-08-18T04:51:57.399868
EV00559,EV00559,U064,BEWAKOOF_694234,Purchase,,2026-08-16T12:28:04.453181,2026-08-16T12:28:04.453181
EV00560,EV00560,U073,BEWAKOOF_694234,Likes,,2026-08-12T01:46:51.460537,2026-08-12T01:46:51.460537
EV00561,EV00561,U070,BEWAKOOF_694234,Likes,,2026-08-12T17:37:22.117645,2026-08-12T17:37:22.117645
EV00562,EV00562,U003,BEWAKOOF_694234,AddToCart,,2026-08-11T23:54:00.677083,2026-08-11T23:54:00.677083
EV00563,EV00563,U013,BEWAKOOF_694234,AddToCart,,2026-08-12T05:12:24.000977,2026-08-12T05:12:24.000977
EV00564,EV00564,U030,BEWAKOOF_694234,AddToCart,,2026-08-14T22:06:44.616214,2026-08-14T22:06:44.616214
EV00565,EV00565,U058,BEWAKOOF_694234,DisLikes,,2026-08-12T12:27:45.595480,2026-08-12T12:27:45.595480
EV00566,EV00566,U042,SNITCH_8581559910562,AddToCart,,2026-08-15T08:21:04.037418,2026-08-15T08:21:04.037418
EV00567,EV00567,U041,SNITCH_8581559910562,Likes,,2026-08-16T04:09:13.338145,2026-08-16T04:09:13.338145
EV00568,EV00568,U037,SNITCH_8581559910562,Likes,,2026-08-18T00:31:08.179225,2026-08-18T00:31:08.179225
EV00569,EV00569,U026,SNITCH_8581559910562,AddToCart,,2026-08-15T14:22:03.253952,2026-08-15T14:22:03.253952
EV00570,EV00570,U033,SNITCH_8581559910562,Purchase,,2026-08-14T11:15:07.913031,2026-08-14T11:15:07.913031
EV00571,EV00571,U013,BONKERS_15150077215084,Likes,,2026-08-17T05:34:36.755209,2026-08-17T05:34:36.755209
EV00572,EV00572,U001,BONKERS_15150077215084,Likes,,2026-08-15T02:59:43.225067,2026-08-15T02:59:43.225067
EV00573,EV00573,U005,BONKERS_15150077215084,Purchase,,2026-08-11T23:41:19.727321,2026-08-11T23:41:19.727321
EV00574,EV00574,U073,BONKERS_15150077215084,Likes,,2026-08-17T14:05:55.851347,2026-08-17T14:05:55.851347
EV00575,EV00575,U019,SNITCH_8640207847586,Likes,,2026-08-14T18:22:33.921217,2026-08-14T18:22:33.921217
EV00576,EV00576,U006,SNITCH_8640207847586,Purchase,,2026-08-14T23:29:33.161452,2026-08-14T23:29:33.161452
EV00577,EV00577,U031,SNITCH_8640207847586,Likes,,2026-08-13T04:30:41.111182,2026-08-13T04:30:41.111182
EV00578,EV00578,U040,SNITCH_8640207847586,DisLikes,,2026-08-12T18:08:22.330113,2026-08-12T18:08:22.330113
EV00579,EV00579,U048,SNITCH_8640207847586,Likes,,2026-08-18T00:23:02.991529,2026-08-18T00:23:02.991529
EV00580,EV00580,U028,SNITCH_8640207847586,Likes,,2026-08-15T15:42:39.323334,2026-08-15T15:42:39.323334
EV00581,EV00581,U062,SNITCH_8718326661282,Likes,,2026-08-13T09:22:35.321507,2026-08-13T09:22:35.321507
EV00582,EV00582,U009,SNITCH_8718326661282,Likes,,2026-08-16T10:49:22.290432,2026-08-16T10:49:22.290432
EV00583,EV00583,U051,SNITCH_8718326661282,DisLikes,,2026-08-14T01:21:25.173555,2026-08-14T01:21:25.173555
EV00584,EV00584,U026,SNITCH_8718326661282,Likes,,2026-08-13T17:21:05.328901,2026-08-13T17:21:05.328901
EV00585,EV00585,U064,SNITCH_8718326661282,Likes,,2026-08-12T06:18:07.822635,2026-08-12T06:18:07.822635
EV00586,EV00586,U072,SNITCH_8718326661282,Likes,,2026-08-15T05:57:02.021906,2026-08-15T05:57:02.021906
EV00587,EV00587,U079,SNITCH_8718326661282,Likes,,2026-08-15T04:13:46.498709,2026-08-15T04:13:46.498709
EV00588,EV00588,U059,SNITCH_8718326661282,Purchase,,2026-08-15T07:48:20.414444,2026-08-15T07:48:20.414444
EV00589,EV00589,U010,SNITCH_8718326661282,Likes,,2026-08-15T18:20:04.002834,2026-08-15T18:20:04.002834
EV00590,EV00590,U061,SNITCH_8918323167394,DisLikes,,2026-08-17T01:57:44.374463,2026-08-17T01:57:44.374463
EV00591,EV00591,U023,SNITCH_8918323167394,Likes,,2026-08-11T23:00:15.450272,2026-08-11T23:00:15.450272
EV00592,EV00592,U067,SNITCH_8918323167394,Likes,,2026-08-12T12:48:58.284083,2026-08-12T12:48:58.284083
EV00593,EV00593,U027,SNITCH_8918323167394,Likes,,2026-08-13T00:58:53.097399,2026-08-13T00:58:53.097399
EV00594,EV00594,U009,SNITCH_8918323167394,DisLikes,,2026-08-13T07:35:02.099409,2026-08-13T07:35:02.099409
EV00595,EV00595,U003,SNITCH_8918323167394,DisLikes,,2026-08-12T19:25:48.335689,2026-08-12T19:25:48.335689
EV00596,EV00596,U063,SNITCH_8918323167394,DisLikes,,2026-08-16T06:25:34.786061,2026-08-16T06:25:34.786061
EV00597,EV00597,U076,SNITCH_8918323167394,DisLikes,,2026-08-12T02:23:55.947788,2026-08-12T02:23:55.947788
EV00598,EV00598,U073,SNITCH_8918323167394,Likes,,2026-08-15T17:47:35.959950,2026-08-15T17:47:35.959950
EV00599,EV00599,U067,SNITCH_8918323167394,Likes,,2026-08-13T14:57:28.576333,2026-08-13T14:57:28.576333
EV00600,EV00600,U027,SNITCH_8918323167394,Likes,,2026-08-17T03:59:52.294282,2026-08-17T03:59:52.294282
EV00601,EV00601,U069,SNITCH_8918323167394,Likes,,2026-08-17T06:45:28.126002,2026-08-17T06:45:28.126002
EV00602,EV00602,U067,SOULED_340704,AddToCart,,2026-08-12T13:09:12.972707,2026-08-12T13:09:12.972707
EV00603,EV00603,U027,SOULED_340704,Likes,,2026-08-17T21:05:47.283587,2026-08-17T21:05:47.283587
EV00604,EV00604,U065,SOULED_340704,Likes,,2026-08-17T06:54:26.694586,2026-08-17T06:54:26.694586
EV00605,EV00605,U055,SOULED_340704,Likes,,2026-08-15T00:46:11.991682,2026-08-15T00:46:11.991682
EV00606,EV00606,U033,SOULED_340704,AddToCart,,2026-08-13T19:35:43.273966,2026-08-13T19:35:43.273966
EV00607,EV00607,U032,SOULED_340704,Likes,,2026-08-16T04:47:34.300326,2026-08-16T04:47:34.300326
EV00608,EV00608,U004,SOULED_340704,Likes,,2026-08-16T18:32:34.581407,2026-08-16T18:32:34.581407
EV00609,EV00609,U074,SOULED_340704,Likes,,2026-08-17T18:23:42.687958,2026-08-17T18:23:42.687958
EV00610,EV00610,U080,SOULED_340704,AddToCart,,2026-08-18T03:45:13.767875,2026-08-18T03:45:13.767875
EV00611,EV00611,U028,SOULED_340704,Likes,,2026-08-13T07:30:35.278556,2026-08-13T07:30:35.278556
EV00612,EV00612,U055,SOULED_341263,AddToCart,,2026-08-15T14:00:49.663200,2026-08-15T14:00:49.663200
EV00613,EV00613,U075,SOULED_341263,Likes,,2026-08-16T04:16:56.578956,2026-08-16T04:16:56.578956
EV00614,EV00614,U017,SOULED_341263,Likes,,2026-08-15T10:52:23.483395,2026-08-15T10:52:23.483395
EV00615,EV00615,U066,SOULED_341263,Likes,,2026-08-13T12:28:33.797713,2026-08-13T12:28:33.797713
EV00616,EV00616,U057,SOULED_341263,Likes,,2026-08-16T18:38:41.999953,2026-08-16T18:38:41.999953
EV00617,EV00617,U080,SOULED_341263,Likes,,2026-08-16T13:43:22.221266,2026-08-16T13:43:22.221266
EV00618,EV00618,U054,SOULED_341263,Likes,,2026-08-17T00:39:06.888265,2026-08-17T00:39:06.888265
EV00619,EV00619,U026,SOULED_341263,Purchase,,2026-08-15T05:54:15.077849,2026-08-15T05:54:15.077849
EV00620,EV00620,U058,SOULED_341263,DisLikes,,2026-08-12T17:38:38.944048,2026-08-12T17:38:38.944048
EV00621,EV00621,U068,SOULED_243432,DisLikes,,2026-08-12T13:57:16.767818,2026-08-12T13:57:16.767818
EV00622,EV00622,U048,SOULED_243432,AddToCart,,2026-08-15T11:56:33.589117,2026-08-15T11:56:33.589117
EV00623,EV00623,U047,SOULED_243432,Likes,,2026-08-18T12:35:13.920068,2026-08-18T12:35:13.920068
EV00624,EV00624,U058,SOULED_243432,Likes,,2026-08-15T20:41:06.449883,2026-08-15T20:41:06.449883
EV00625,EV00625,U072,SOULED_243432,DisLikes,,2026-08-14T21:03:13.368555,2026-08-14T21:03:13.368555
EV00626,EV00626,U062,SOULED_243432,Likes,,2026-08-17T02:25:03.617610,2026-08-17T02:25:03.617610
EV00627,EV00627,U040,SOULED_243432,AddToCart,,2026-08-12T20:47:58.883769,2026-08-12T20:47:58.883769
EV00628,EV00628,U020,SOULED_243432,AddToCart,,2026-08-12T13:56:06.535365,2026-08-12T13:56:06.535365
EV00629,EV00629,U065,SOULED_243432,Likes,,2026-08-15T21:36:55.756787,2026-08-15T21:36:55.756787
EV00630,EV00630,U019,BEWAKOOF_305202,DisLikes,,2026-08-12T05:57:13.078296,2026-08-12T05:57:13.078296
EV00631,EV00631,U054,BEWAKOOF_305202,DisLikes,,2026-08-16T14:48:38.041116,2026-08-16T14:48:38.041116
EV00632,EV00632,U069,BEWAKOOF_305202,Likes,,2026-08-17T07:18:44.597521,2026-08-17T07:18:44.597521
EV00633,EV00633,U052,BEWAKOOF_305202,Purchase,,2026-08-15T21:25:00.172410,2026-08-15T21:25:00.172410
EV00634,EV00634,U008,BEWAKOOF_305202,AddToCart,,2026-08-13T23:58:25.308205,2026-08-13T23:58:25.308205
EV00635,EV00635,U067,BEWAKOOF_305202,Likes,,2026-08-13T02:39:00.691849,2026-08-13T02:39:00.691849
EV00636,EV00636,U023,BEWAKOOF_305202,Likes,,2026-08-12T10:07:06.688871,2026-08-12T10:07:06.688871
EV00637,EV00637,U021,BEWAKOOF_305202,DisLikes,,2026-08-13T02:14:40.308354,2026-08-13T02:14:40.308354
EV00638,EV00638,U066,BEWAKOOF_305202,Likes,,2026-08-16T18:05:22.649822,2026-08-16T18:05:22.649822
EV00639,EV00639,U072,BEWAKOOF_305202,Likes,,2026-08-15T16:59:51.634043,2026-08-15T16:59:51.634043
EV00640,EV00640,U036,SOULED_335760,Likes,,2026-08-13T08:33:27.220896,2026-08-13T08:33:27.220896
EV00641,EV00641,U069,SOULED_335760,AddToCart,,2026-08-16T01:25:30.600283,2026-08-16T01:25:30.600283
EV00642,EV00642,U030,SOULED_335760,Likes,,2026-08-18T14:27:50.270680,2026-08-18T14:27:50.270680
EV00643,EV00643,U027,SOULED_335760,DisLikes,,2026-08-11T20:55:59.427129,2026-08-11T20:55:59.427129
EV00644,EV00644,U044,SOULED_335760,Likes,,2026-08-15T02:28:47.269246,2026-08-15T02:28:47.269246
EV00645,EV00645,U041,SOULED_335760,AddToCart,,2026-08-18T00:38:06.041178,2026-08-18T00:38:06.041178
EV00646,EV00646,U042,SOULED_335760,AddToCart,,2026-08-16T02:31:50.934197,2026-08-16T02:31:50.934197
EV00647,EV00647,U016,SOULED_335760,Likes,,2026-08-17T07:15:42.291488,2026-08-17T07:15:42.291488
EV00648,EV00648,U079,SOULED_335760,Likes,,2026-08-12T18:31:06.793245,2026-08-12T18:31:06.793245
EV00649,EV00649,U051,SOULED_335760,DisLikes,,2026-08-13T22:29:35.043683,2026-08-13T22:29:35.043683
EV00650,EV00650,U027,SOULED_335760,Likes,,2026-08-15T21:20:21.221003,2026-08-15T21:20:21.221003
EV00651,EV00651,U032,SOULED_335760,Purchase,,2026-08-16T23:02:23.175123,2026-08-16T23:02:23.175123
EV00652,EV00652,U046,URBANIC_115295,AddToCart,,2026-08-17T23:12:27.595741,2026-08-17T23:12:27.595741
EV00653,EV00653,U077,URBANIC_115295,Likes,,2026-08-17T08:54:48.319723,2026-08-17T08:54:48.319723
EV00654,EV00654,U011,URBANIC_115295,Likes,,2026-08-16T15:55:54.258245,2026-08-16T15:55:54.258245
EV00655,EV00655,U011,URBANIC_115295,Purchase,,2026-08-13T04:09:45.589981,2026-08-13T04:09:45.589981
EV00656,EV00656,U074,URBANIC_115295,Likes,,2026-08-16T18:25:40.561020,2026-08-16T18:25:40.561020
EV00657,EV00657,U064,URBANIC_115295,Likes,,2026-08-12T05:08:19.582772,2026-08-12T05:08:19.582772
EV00658,EV00658,U054,URBANIC_115295,Likes,,2026-08-17T02:29:50.439915,2026-08-17T02:29:50.439915
EV00659,EV00659,U018,URBANIC_115295,Likes,,2026-08-18T09:26:08.171137,2026-08-18T09:26:08.171137
EV00660,EV00660,U015,URBANIC_115295,Likes,,2026-08-14T06:50:27.640034,2026-08-14T06:50:27.640034
EV00661,EV00661,U047,URBANIC_115295,Likes,,2026-08-12T09:26:51.743394,2026-08-12T09:26:51.743394
EV00662,EV00662,U020,URBANIC_115295,AddToCart,,2026-08-12T20:42:39.339374,2026-08-12T20:42:39.339374
EV00663,EV00663,U062,URBANIC_115295,Likes,,2026-08-12T17:36:11.322083,2026-08-12T17:36:11.322083
EV00664,EV00664,U028,BONKERS_14627477225836,DisLikes,,2026-08-13T11:08:24.256488,2026-08-13T11:08:24.256488
EV00665,EV00665,U001,BONKERS_14627477225836,Likes,,2026-08-13T07:44:01.849953,2026-08-13T07:44:01.849953
EV00666,EV00666,U050,BONKERS_14627477225836,AddToCart,,2026-08-15T15:09:32.810813,2026-08-15T15:09:32.810813
EV00667,EV00667,U059,BONKERS_14627477225836,AddToCart,,2026-08-15T01:05:08.093180,2026-08-15T01:05:08.093180
EV00668,EV00668,U060,BONKERS_14627477225836,AddToCart,,2026-08-13T12:52:20.206695,2026-08-13T12:52:20.206695
EV00669,EV00669,U051,BONKERS_14627477225836,Likes,,2026-08-17T19:56:04.351340,2026-08-17T19:56:04.351340
EV00670,EV00670,U048,SOULED_337607,Likes,,2026-08-15T04:42:19.702614,2026-08-15T04:42:19.702614
EV00671,EV00671,U062,SOULED_337607,Likes,,2026-08-13T06:44:45.575570,2026-08-13T06:44:45.575570
EV00672,EV00672,U074,SOULED_337607,Purchase,,2026-08-16T22:54:04.096580,2026-08-16T22:54:04.096580
EV00673,EV00673,U071,SOULED_337607,DisLikes,,2026-08-15T01:47:53.869863,2026-08-15T01:47:53.869863
EV00674,EV00674,U053,SOULED_337607,Likes,,2026-08-13T05:23:05.143437,2026-08-13T05:23:05.143437
EV00675,EV00675,U013,SOULED_337607,AddToCart,,2026-08-12T09:22:18.894782,2026-08-12T09:22:18.894782
EV00676,EV00676,U070,SOULED_337607,Purchase,,2026-08-16T05:42:43.187871,2026-08-16T05:42:43.187871
EV00677,EV00677,U044,SOULED_337607,Likes,,2026-08-11T22:08:55.878643,2026-08-11T22:08:55.878643
EV00678,EV00678,U068,SOULED_337607,Likes,,2026-08-15T19:52:01.490352,2026-08-15T19:52:01.490352
EV00679,EV00679,U007,SOULED_337607,Likes,,2026-08-13T06:35:55.944393,2026-08-13T06:35:55.944393
EV00680,EV00680,U016,SOULED_337607,Likes,,2026-08-11T23:14:03.008244,2026-08-11T23:14:03.008244
EV00681,EV00681,U044,SOULED_337607,Likes,,2026-08-13T09:28:16.141934,2026-08-13T09:28:16.141934
EV00682,EV00682,U058,SOULED_330940,DisLikes,,2026-08-14T03:42:09.378954,2026-08-14T03:42:09.378954
EV00683,EV00683,U032,SOULED_330940,AddToCart,,2026-08-18T11:10:34.641965,2026-08-18T11:10:34.641965
EV00684,EV00684,U043,SOULED_330940,AddToCart,,2026-08-14T19:11:58.827816,2026-08-14T19:11:58.827816
EV00685,EV00685,U002,SOULED_330940,Likes,,2026-08-18T06:09:23.046235,2026-08-18T06:09:23.046235
EV00686,EV00686,U079,SOULED_330940,AddToCart,,2026-08-18T10:07:29.840385,2026-08-18T10:07:29.840385
EV00687,EV00687,U078,SOULED_330940,Likes,,2026-08-12T04:55:06.478028,2026-08-12T04:55:06.478028
EV00688,EV00688,U021,SOULED_330940,AddToCart,,2026-08-16T21:07:27.435741,2026-08-16T21:07:27.435741
EV00689,EV00689,U058,SOULED_330940,AddToCart,,2026-08-13T13:24:30.141002,2026-08-13T13:24:30.141002
EV00690,EV00690,U079,SOULED_330940,Likes,,2026-08-15T00:27:34.880689,2026-08-15T00:27:34.880689
EV00691,EV00691,U019,SOULED_330940,AddToCart,,2026-08-16T23:04:06.486996,2026-08-16T23:04:06.486996
EV00692,EV00692,U042,SOULED_330940,Likes,,2026-08-12T02:44:13.094484,2026-08-12T02:44:13.094484
EV00693,EV00693,U009,SOULED_343418,DisLikes,,2026-08-13T13:44:48.220522,2026-08-13T13:44:48.220522
EV00694,EV00694,U016,SOULED_343418,DisLikes,,2026-08-15T09:27:41.857433,2026-08-15T09:27:41.857433
EV00695,EV00695,U046,SOULED_343418,DisLikes,,2026-08-17T06:16:34.171257,2026-08-17T06:16:34.171257
EV00696,EV00696,U067,SOULED_343418,Purchase,,2026-08-13T02:41:19.246861,2026-08-13T02:41:19.246861
EV00697,EV00697,U012,SOULED_343418,DisLikes,,2026-08-17T16:09:03.640733,2026-08-17T16:09:03.640733
EV00698,EV00698,U069,SOULED_343418,Purchase,,2026-08-12T11:48:52.488163,2026-08-12T11:48:52.488163
EV00699,EV00699,U056,BONKERS_14772047511916,Likes,,2026-08-17T11:33:49.976718,2026-08-17T11:33:49.976718
EV00700,EV00700,U047,BONKERS_14772047511916,Likes,,2026-08-17T19:33:52.602603,2026-08-17T19:33:52.602603
EV00701,EV00701,U003,BONKERS_14772047511916,Likes,,2026-08-11T21:37:39.150381,2026-08-11T21:37:39.150381
EV00702,EV00702,U022,BONKERS_14772047511916,Likes,,2026-08-13T00:09:31.379999,2026-08-13T00:09:31.379999
EV00703,EV00703,U075,BONKERS_14772047511916,DisLikes,,2026-08-13T08:46:54.403971,2026-08-13T08:46:54.403971
EV00704,EV00704,U004,BONKERS_14772047511916,Purchase,,2026-08-14T06:58:07.558088,2026-08-14T06:58:07.558088
EV00705,EV00705,U080,BONKERS_14772047511916,DisLikes,,2026-08-13T18:50:45.299921,2026-08-13T18:50:45.299921
EV00706,EV00706,U053,BONKERS_14772047511916,Likes,,2026-08-15T10:50:44.831136,2026-08-15T10:50:44.831136
EV00707,EV00707,U079,BONKERS_14772047511916,Likes,,2026-08-13T05:09:58.177306,2026-08-13T05:09:58.177306
EV00708,EV00708,U001,BONKERS_14772047511916,Likes,,2026-08-16T22:57:43.130908,2026-08-16T22:57:43.130908
EV00709,EV00709,U013,SOULED_295351,Likes,,2026-08-13T23:12:11.980668,2026-08-13T23:12:11.980668
EV00710,EV00710,U014,SOULED_295351,AddToCart,,2026-08-18T02:28:43.453288,2026-08-18T02:28:43.453288
EV00711,EV00711,U066,SOULED_295351,Likes,,2026-08-17T03:48:50.028595,2026-08-17T03:48:50.028595
EV00712,EV00712,U061,SOULED_295351,AddToCart,,2026-08-12T10:41:16.288212,2026-08-12T10:41:16.288212
EV00713,EV00713,U010,SOULED_295351,DisLikes,,2026-08-16T15:51:56.661431,2026-08-16T15:51:56.661431
EV00714,EV00714,U021,SOULED_295351,DisLikes,,2026-08-14T09:40:43.619750,2026-08-14T09:40:43.619750
EV00715,EV00715,U022,BONKERS_7816094908516,DisLikes,,2026-08-17T17:07:17.920476,2026-08-17T17:07:17.920476
EV00716,EV00716,U055,BONKERS_7816094908516,DisLikes,,2026-08-13T23:46:05.826435,2026-08-13T23:46:05.826435
EV00717,EV00717,U005,BONKERS_7816094908516,Likes,,2026-08-15T14:14:33.243305,2026-08-15T14:14:33.243305
EV00718,EV00718,U048,BONKERS_7816094908516,Likes,,2026-08-17T02:52:34.395002,2026-08-17T02:52:34.395002
EV00719,EV00719,U080,BONKERS_7816094908516,Likes,,2026-08-13T13:55:27.684832,2026-08-13T13:55:27.684832
EV00720,EV00720,U043,BONKERS_7816094908516,AddToCart,,2026-08-14T22:05:32.591162,2026-08-14T22:05:32.591162
EV00721,EV00721,U019,BONKERS_7816094908516,AddToCart,,2026-08-15T10:02:43.908670,2026-08-15T10:02:43.908670
EV00722,EV00722,U050,BONKERS_7816094908516,DisLikes,,2026-08-12T07:43:18.708290,2026-08-12T07:43:18.708290
EV00723,EV00723,U068,SOULED_215489,DisLikes,,2026-08-14T12:55:14.743988,2026-08-14T12:55:14.743988
EV00724,EV00724,U038,SOULED_215489,AddToCart,,2026-08-18T03:26:26.490895,2026-08-18T03:26:26.490895
EV00725,EV00725,U055,SOULED_215489,Likes,,2026-08-12T08:44:51.638061,2026-08-12T08:44:51.638061
EV00726,EV00726,U052,SOULED_215489,Likes,,2026-08-15T10:44:12.319456,2026-08-15T10:44:12.319456
EV00727,EV00727,U049,SOULED_215489,Likes,,2026-08-17T09:38:46.779497,2026-08-17T09:38:46.779497
EV00728,EV00728,U071,SOULED_215489,Likes,,2026-08-17T23:37:55.417476,2026-08-17T23:37:55.417476
EV00729,EV00729,U029,SOULED_215489,Likes,,2026-08-13T09:37:34.598636,2026-08-13T09:37:34.598636
EV00730,EV00730,U028,SOULED_215489,AddToCart,,2026-08-18T09:55:11.767934,2026-08-18T09:55:11.767934
EV00731,EV00731,U036,SNITCH_8082631000226,Likes,,2026-08-12T05:34:58.861175,2026-08-12T05:34:58.861175
EV00732,EV00732,U029,SNITCH_8082631000226,DisLikes,,2026-08-16T09:55:28.437461,2026-08-16T09:55:28.437461
EV00733,EV00733,U050,SNITCH_8082631000226,DisLikes,,2026-08-15T19:53:09.829405,2026-08-15T19:53:09.829405
EV00734,EV00734,U033,SNITCH_8082631000226,Likes,,2026-08-12T11:20:29.170576,2026-08-12T11:20:29.170576
EV00735,EV00735,U073,SNITCH_8082631000226,Likes,,2026-08-13T11:46:20.153856,2026-08-13T11:46:20.153856
EV00736,EV00736,U002,SOULED_308027,Purchase,,2026-08-17T02:37:07.442550,2026-08-17T02:37:07.442550
EV00737,EV00737,U076,SOULED_308027,Likes,,2026-08-16T20:15:57.834929,2026-08-16T20:15:57.834929
EV00738,EV00738,U017,SOULED_308027,DisLikes,,2026-08-11T21:01:25.647201,2026-08-11T21:01:25.647201
EV00739,EV00739,U039,SOULED_308027,DisLikes,,2026-08-14T06:52:38.733425,2026-08-14T06:52:38.733425
EV00740,EV00740,U035,SOULED_308027,AddToCart,,2026-08-12T06:54:42.934489,2026-08-12T06:54:42.934489
EV00741,EV00741,U042,SOULED_308027,DisLikes,,2026-08-12T23:14:51.573645,2026-08-12T23:14:51.573645
EV00742,EV00742,U071,SOULED_308027,Likes,,2026-08-15T15:23:23.391362,2026-08-15T15:23:23.391362
EV00743,EV00743,U075,SOULED_308027,Purchase,,2026-08-12T11:17:24.126539,2026-08-12T11:17:24.126539
EV00744,EV00744,U064,BEWAKOOF_604233,Likes,,2026-08-16T10:48:14.164484,2026-08-16T10:48:14.164484
EV00745,EV00745,U061,BEWAKOOF_604233,DisLikes,,2026-08-14T19:38:52.076897,2026-08-14T19:38:52.076897
EV00746,EV00746,U052,BEWAKOOF_604233,DisLikes,,2026-08-15T20:31:42.057743,2026-08-15T20:31:42.057743
EV00747,EV00747,U043,BEWAKOOF_604233,AddToCart,,2026-08-16T08:43:52.747195,2026-08-16T08:43:52.747195
EV00748,EV00748,U046,BEWAKOOF_604233,Likes,,2026-08-17T08:22:07.802364,2026-08-17T08:22:07.802364
EV00749,EV00749,U005,BEWAKOOF_604233,AddToCart,,2026-08-15T14:20:00.200437,2026-08-15T14:20:00.200437
EV00750,EV00750,U078,BEWAKOOF_604233,AddToCart,,2026-08-14T20:45:25.008960,2026-08-14T20:45:25.008960
EV00751,EV00751,U042,BEWAKOOF_604233,Likes,,2026-08-16T11:32:11.316586,2026-08-16T11:32:11.316586
EV00752,EV00752,U048,BEWAKOOF_604233,DisLikes,,2026-08-16T18:16:53.763009,2026-08-16T18:16:53.763009
EV00753,EV00753,U077,BEWAKOOF_604233,Likes,,2026-08-18T06:12:04.595147,2026-08-18T06:12:04.595147
EV00754,EV00754,U022,BEWAKOOF_604233,Likes,,2026-08-12T20:38:37.657690,2026-08-12T20:38:37.657690
EV00755,EV00755,U011,BEWAKOOF_604233,Likes,,2026-08-14T12:10:30.146746,2026-08-14T12:10:30.146746
EV00756,EV00756,U011,SOULED_341318,Likes,,2026-08-18T03:26:57.742921,2026-08-18T03:26:57.742921
EV00757,EV00757,U007,SOULED_341318,Purchase,,2026-08-18T13:22:07.487578,2026-08-18T13:22:07.487578
EV00758,EV00758,U061,SOULED_341318,Likes,,2026-08-12T11:38:58.210999,2026-08-12T11:38:58.210999
EV00759,EV00759,U005,SOULED_341318,Likes,,2026-08-17T06:04:16.553283,2026-08-17T06:04:16.553283
EV00760,EV00760,U019,SOULED_341318,DisLikes,,2026-08-13T16:52:35.620594,2026-08-13T16:52:35.620594
EV00761,EV00761,U060,SOULED_341318,Purchase,,2026-08-15T06:32:07.751577,2026-08-15T06:32:07.751577
EV00762,EV00762,U026,SNITCH_8706859204770,Likes,,2026-08-16T04:28:08.859145,2026-08-16T04:28:08.859145
EV00763,EV00763,U050,SNITCH_8706859204770,Likes,,2026-08-18T07:39:55.671748,2026-08-18T07:39:55.671748
EV00764,EV00764,U019,SNITCH_8706859204770,AddToCart,,2026-08-18T12:09:27.422055,2026-08-18T12:09:27.422055
EV00765,EV00765,U075,SNITCH_8706859204770,Likes,,2026-08-14T06:03:51.596460,2026-08-14T06:03:51.596460
EV00766,EV00766,U074,SNITCH_8706859204770,AddToCart,,2026-08-13T02:53:23.456656,2026-08-13T02:53:23.456656
EV00767,EV00767,U066,SNITCH_8706859204770,AddToCart,,2026-08-17T22:23:24.297561,2026-08-17T22:23:24.297561
EV00768,EV00768,U007,SNITCH_8706859204770,DisLikes,,2026-08-16T23:05:25.040879,2026-08-16T23:05:25.040879
EV00769,EV00769,U061,SNITCH_8706859204770,Likes,,2026-08-17T02:40:36.214679,2026-08-17T02:40:36.214679
EV00770,EV00770,U018,SNITCH_8706859204770,Likes,,2026-08-17T10:20:04.615131,2026-08-17T10:20:04.615131
EV00771,EV00771,U013,SNITCH_8422123012258,Purchase,,2026-08-17T06:18:23.835590,2026-08-17T06:18:23.835590
EV00772,EV00772,U070,SNITCH_8422123012258,Purchase,,2026-08-18T12:15:06.329265,2026-08-18T12:15:06.329265
EV00773,EV00773,U036,SNITCH_8422123012258,Purchase,,2026-08-18T13:11:59.289441,2026-08-18T13:11:59.289441
EV00774,EV00774,U075,SNITCH_8422123012258,AddToCart,,2026-08-12T00:49:47.172084,2026-08-12T00:49:47.172084
EV00775,EV00775,U060,SNITCH_8422123012258,Purchase,,2026-08-14T21:21:13.933933,2026-08-14T21:21:13.933933
EV00776,EV00776,U038,SNITCH_8422123012258,Likes,,2026-08-12T20:28:51.850506,2026-08-12T20:28:51.850506
EV00777,EV00777,U064,SNITCH_8422123012258,DisLikes,,2026-08-15T19:04:15.159136,2026-08-15T19:04:15.159136
EV00778,EV00778,U015,SNITCH_8422123012258,DisLikes,,2026-08-17T14:06:08.808191,2026-08-17T14:06:08.808191
EV00779,EV00779,U019,SNITCH_8916118995106,Likes,,2026-08-13T16:03:59.203746,2026-08-13T16:03:59.203746
EV00780,EV00780,U038,SNITCH_8916118995106,Likes,,2026-08-15T03:57:44.463334,2026-08-15T03:57:44.463334
EV00781,EV00781,U036,SNITCH_8916118995106,Likes,,2026-08-12T00:57:03.692890,2026-08-12T00:57:03.692890
EV00782,EV00782,U029,SNITCH_8916118995106,Likes,,2026-08-17T10:38:17.164440,2026-08-17T10:38:17.164440
EV00783,EV00783,U077,SNITCH_8916118995106,Likes,,2026-08-15T11:27:16.378465,2026-08-15T11:27:16.378465
EV00784,EV00784,U070,SNITCH_8916118995106,AddToCart,,2026-08-17T04:02:19.993070,2026-08-17T04:02:19.993070
EV00785,EV00785,U025,SNITCH_8916118995106,AddToCart,,2026-08-16T01:26:39.628721,2026-08-16T01:26:39.628721
EV00786,EV00786,U059,SNITCH_8916118995106,Likes,,2026-08-14T10:12:04.517275,2026-08-14T10:12:04.517275
EV00787,EV00787,U017,SNITCH_8916118995106,Purchase,,2026-08-16T21:04:42.111745,2026-08-16T21:04:42.111745
EV00788,EV00788,U080,SOULED_380157,Purchase,,2026-08-17T14:35:20.494279,2026-08-17T14:35:20.494279
EV00789,EV00789,U038,SOULED_380157,DisLikes,,2026-08-16T07:43:18.335978,2026-08-16T07:43:18.335978
EV00790,EV00790,U018,SOULED_380157,Likes,,2026-08-15T09:35:48.443381,2026-08-15T09:35:48.443381
EV00791,EV00791,U057,SOULED_380157,Likes,,2026-08-16T08:29:13.258528,2026-08-16T08:29:13.258528
EV00792,EV00792,U055,SOULED_260542,DisLikes,,2026-08-12T21:37:58.113687,2026-08-12T21:37:58.113687
EV00793,EV00793,U056,SOULED_260542,Likes,,2026-08-12T03:38:28.033080,2026-08-12T03:38:28.033080
EV00794,EV00794,U065,SOULED_260542,Likes,,2026-08-12T14:43:10.167557,2026-08-12T14:43:10.167557
EV00795,EV00795,U051,SOULED_260542,Likes,,2026-08-17T16:03:04.273537,2026-08-17T16:03:04.273537
EV00796,EV00796,U053,SOULED_260542,AddToCart,,2026-08-18T07:26:07.704846,2026-08-18T07:26:07.704846
EV00797,EV00797,U079,SOULED_260542,Likes,,2026-08-17T16:21:11.994847,2026-08-17T16:21:11.994847
EV00798,EV00798,U051,SOULED_260542,Likes,,2026-08-15T01:59:47.157092,2026-08-15T01:59:47.157092
EV00799,EV00799,U012,SOULED_260542,Likes,,2026-08-18T09:56:13.750369,2026-08-18T09:56:13.750369
EV00800,EV00800,U019,SOULED_260542,Likes,,2026-08-14T04:52:07.661540,2026-08-14T04:52:07.661540
EV00801,EV00801,U018,SOULED_260542,Likes,,2026-08-18T12:55:05.528218,2026-08-18T12:55:05.528218
EV00802,EV00802,U044,SNITCH_8745560342690,Likes,,2026-08-15T22:51:14.833737,2026-08-15T22:51:14.833737
EV00803,EV00803,U047,SNITCH_8745560342690,Likes,,2026-08-15T00:35:55.198160,2026-08-15T00:35:55.198160
EV00804,EV00804,U059,SNITCH_8745560342690,DisLikes,,2026-08-18T11:36:13.620780,2026-08-18T11:36:13.620780
EV00805,EV00805,U031,SNITCH_8745560342690,Likes,,2026-08-15T18:24:49.499384,2026-08-15T18:24:49.499384
EV00806,EV00806,U077,SNITCH_8745560342690,Likes,,2026-08-13T07:24:37.261270,2026-08-13T07:24:37.261270
EV00807,EV00807,U045,SNITCH_8745560342690,Likes,,2026-08-14T13:01:21.474393,2026-08-14T13:01:21.474393
EV00808,EV00808,U006,SNITCH_8745560342690,AddToCart,,2026-08-16T16:41:09.845516,2026-08-16T16:41:09.845516
EV00809,EV00809,U061,SNITCH_8745560342690,DisLikes,,2026-08-12T07:31:38.370288,2026-08-12T07:31:38.370288
EV00810,EV00810,U027,BEWAKOOF_504314,Likes,,2026-08-15T14:33:10.166641,2026-08-15T14:33:10.166641
EV00811,EV00811,U050,BEWAKOOF_504314,DisLikes,,2026-08-17T15:13:05.415626,2026-08-17T15:13:05.415626
EV00812,EV00812,U066,BEWAKOOF_504314,Purchase,,2026-08-18T12:31:04.282290,2026-08-18T12:31:04.282290
EV00813,EV00813,U041,BEWAKOOF_504314,Likes,,2026-08-12T21:38:43.556648,2026-08-12T21:38:43.556648
EV00814,EV00814,U048,BEWAKOOF_504314,Likes,,2026-08-11T23:32:58.563435,2026-08-11T23:32:58.563435
EV00815,EV00815,U078,BEWAKOOF_504314,Likes,,2026-08-17T17:48:01.110688,2026-08-17T17:48:01.110688
EV00816,EV00816,U071,BEWAKOOF_504314,Purchase,,2026-08-16T19:47:11.653513,2026-08-16T19:47:11.653513
EV00817,EV00817,U002,BEWAKOOF_504314,Likes,,2026-08-18T00:21:50.898387,2026-08-18T00:21:50.898387
EV00818,EV00818,U067,BEWAKOOF_504314,Purchase,,2026-08-15T05:10:22.317982,2026-08-15T05:10:22.317982
EV00819,EV00819,U031,BEWAKOOF_504314,Purchase,,2026-08-16T20:55:28.886410,2026-08-16T20:55:28.886410
EV00820,EV00820,U071,BEWAKOOF_504314,AddToCart,,2026-08-15T14:00:42.776653,2026-08-15T14:00:42.776653
EV00821,EV00821,U027,URBANIC_1476762,AddToCart,,2026-08-15T23:32:12.139248,2026-08-15T23:32:12.139248
EV00822,EV00822,U047,URBANIC_1476762,DisLikes,,2026-08-11T23:47:50.817940,2026-08-11T23:47:50.817940
EV00823,EV00823,U033,URBANIC_1476762,Likes,,2026-08-18T10:05:45.988567,2026-08-18T10:05:45.988567
EV00824,EV00824,U036,URBANIC_1476762,Likes,,2026-08-17T06:29:48.230863,2026-08-17T06:29:48.230863
EV00825,EV00825,U031,URBANIC_1476762,Likes,,2026-08-14T01:02:14.011707,2026-08-14T01:02:14.011707
EV00826,EV00826,U066,URBANIC_1476762,Likes,,2026-08-16T05:11:42.418097,2026-08-16T05:11:42.418097
EV00827,EV00827,U037,URBANIC_1476762,AddToCart,,2026-08-15T11:01:56.477721,2026-08-15T11:01:56.477721
EV00828,EV00828,U023,URBANIC_1476762,Likes,,2026-08-12T20:01:07.100110,2026-08-12T20:01:07.100110
EV00829,EV00829,U002,SOULED_337596,Likes,,2026-08-12T12:16:18.372265,2026-08-12T12:16:18.372265
EV00830,EV00830,U060,SOULED_337596,Likes,,2026-08-15T06:26:52.476411,2026-08-15T06:26:52.476411
EV00831,EV00831,U008,SOULED_337596,Likes,,2026-08-17T00:14:56.194988,2026-08-17T00:14:56.194988
EV00832,EV00832,U080,SOULED_337596,Likes,,2026-08-13T03:28:24.129308,2026-08-13T03:28:24.129308
EV00833,EV00833,U027,URBANIC_91538,DisLikes,,2026-08-13T19:14:09.767503,2026-08-13T19:14:09.767503
EV00834,EV00834,U003,URBANIC_91538,AddToCart,,2026-08-11T21:08:25.468944,2026-08-11T21:08:25.468944
EV00835,EV00835,U068,URBANIC_91538,Likes,,2026-08-15T02:26:18.866143,2026-08-15T02:26:18.866143
EV00836,EV00836,U061,URBANIC_91538,DisLikes,,2026-08-17T10:07:52.854876,2026-08-17T10:07:52.854876
EV00837,EV00837,U019,URBANIC_91538,Likes,,2026-08-12T07:46:16.260190,2026-08-12T07:46:16.260190
EV00838,EV00838,U041,URBANIC_91538,Likes,,2026-08-18T08:42:37.586367,2026-08-18T08:42:37.586367
EV00839,EV00839,U061,URBANIC_91538,Likes,,2026-08-16T18:27:54.647821,2026-08-16T18:27:54.647821
EV00840,EV00840,U042,URBANIC_91538,Likes,,2026-08-16T17:34:33.460740,2026-08-16T17:34:33.460740
EV00841,EV00841,U027,URBANIC_91538,Likes,,2026-08-16T00:18:26.250949,2026-08-16T00:18:26.250949
EV00842,EV00842,U071,URBANIC_91538,Likes,,2026-08-16T09:38:58.159948,2026-08-16T09:38:58.159948
EV00843,EV00843,U079,SNITCH_8868136026274,Likes,,2026-08-17T06:10:53.806372,2026-08-17T06:10:53.806372
EV00844,EV00844,U051,SNITCH_8868136026274,Purchase,,2026-08-12T07:37:52.301630,2026-08-12T07:37:52.301630
EV00845,EV00845,U075,SNITCH_8868136026274,Likes,,2026-08-15T00:22:22.848253,2026-08-15T00:22:22.848253
EV00846,EV00846,U024,SNITCH_8868136026274,AddToCart,,2026-08-13T10:21:30.150706,2026-08-13T10:21:30.150706
EV00847,EV00847,U027,SNITCH_8868136026274,AddToCart,,2026-08-12T13:01:13.150805,2026-08-12T13:01:13.150805
EV00848,EV00848,U005,SNITCH_8868136026274,AddToCart,,2026-08-13T03:33:44.618858,2026-08-13T03:33:44.618858
EV00849,EV00849,U057,SOULED_337206,Purchase,,2026-08-17T23:46:12.480369,2026-08-17T23:46:12.480369
EV00850,EV00850,U079,SOULED_337206,Purchase,,2026-08-13T09:29:16.301267,2026-08-13T09:29:16.301267
EV00851,EV00851,U027,SOULED_337206,DisLikes,,2026-08-18T09:35:18.912491,2026-08-18T09:35:18.912491
EV00852,EV00852,U049,SOULED_337206,AddToCart,,2026-08-13T04:44:00.549067,2026-08-13T04:44:00.549067
EV00853,EV00853,U041,SOULED_337206,AddToCart,,2026-08-17T23:11:31.615208,2026-08-17T23:11:31.615208
EV00854,EV00854,U061,SOULED_337206,Likes,,2026-08-15T19:34:22.422514,2026-08-15T19:34:22.422514
EV00855,EV00855,U052,SOULED_337206,Likes,,2026-08-16T19:53:01.790265,2026-08-16T19:53:01.790265
EV00856,EV00856,U069,BONKERS_15137059897708,Likes,,2026-08-12T15:38:48.018341,2026-08-12T15:38:48.018341
EV00857,EV00857,U059,BONKERS_15137059897708,Likes,,2026-08-12T13:18:28.037017,2026-08-12T13:18:28.037017
EV00858,EV00858,U048,BONKERS_15137059897708,Likes,,2026-08-15T05:09:24.120775,2026-08-15T05:09:24.120775
EV00859,EV00859,U051,BONKERS_15137059897708,Likes,,2026-08-16T21:09:48.618634,2026-08-16T21:09:48.618634
EV00860,EV00860,U056,SNITCH_8814314127522,Likes,,2026-08-16T05:43:54.119875,2026-08-16T05:43:54.119875
EV00861,EV00861,U003,SNITCH_8814314127522,Likes,,2026-08-13T00:42:15.009635,2026-08-13T00:42:15.009635
EV00862,EV00862,U058,SNITCH_8814314127522,Likes,,2026-08-12T00:53:59.802005,2026-08-12T00:53:59.802005
EV00863,EV00863,U064,SNITCH_8814314127522,Purchase,,2026-08-12T22:22:58.011306,2026-08-12T22:22:58.011306
EV00864,EV00864,U045,SNITCH_8814314127522,Likes,,2026-08-15T01:14:54.167550,2026-08-15T01:14:54.167550
EV00865,EV00865,U061,SNITCH_8814314127522,AddToCart,,2026-08-14T15:49:53.054112,2026-08-14T15:49:53.054112
EV00866,EV00866,U054,SNITCH_8814314127522,Likes,,2026-08-12T07:27:22.011966,2026-08-12T07:27:22.011966
EV00867,EV00867,U019,SNITCH_8928621068450,DisLikes,,2026-08-13T17:29:34.253322,2026-08-13T17:29:34.253322
EV00868,EV00868,U028,SNITCH_8928621068450,DisLikes,,2026-08-13T02:00:41.717891,2026-08-13T02:00:41.717891
EV00869,EV00869,U065,SNITCH_8928621068450,Likes,,2026-08-15T03:34:07.009615,2026-08-15T03:34:07.009615
EV00870,EV00870,U059,SNITCH_8928621068450,DisLikes,,2026-08-17T19:47:54.673294,2026-08-17T19:47:54.673294
EV00871,EV00871,U051,SNITCH_8928621068450,Purchase,,2026-08-12T13:08:49.063671,2026-08-12T13:08:49.063671
EV00872,EV00872,U043,SNITCH_8928621068450,Likes,,2026-08-14T15:15:52.699692,2026-08-14T15:15:52.699692
EV00873,EV00873,U013,SNITCH_8928621068450,AddToCart,,2026-08-15T14:55:30.737973,2026-08-15T14:55:30.737973
EV00874,EV00874,U077,SNITCH_8928621068450,Likes,,2026-08-11T20:00:17.869256,2026-08-11T20:00:17.869256
EV00875,EV00875,U074,SNITCH_8928621068450,Likes,,2026-08-12T16:46:10.146740,2026-08-12T16:46:10.146740
EV00876,EV00876,U002,SNITCH_8928621068450,Purchase,,2026-08-18T00:50:39.607434,2026-08-18T00:50:39.607434
EV00877,EV00877,U033,SNITCH_8928621068450,Likes,,2026-08-12T07:27:02.497068,2026-08-12T07:27:02.497068
EV00878,EV00878,U045,SNITCH_8928621068450,Likes,,2026-08-16T05:12:13.525593,2026-08-16T05:12:13.525593
EV00879,EV00879,U022,SOULED_220357,Likes,,2026-08-17T08:09:04.634719,2026-08-17T08:09:04.634719
EV00880,EV00880,U004,SOULED_220357,Purchase,,2026-08-16T21:49:36.718433,2026-08-16T21:49:36.718433
EV00881,EV00881,U043,SOULED_220357,Likes,,2026-08-18T08:50:32.817700,2026-08-18T08:50:32.817700
EV00882,EV00882,U015,SOULED_220357,DisLikes,,2026-08-16T07:50:21.403359,2026-08-16T07:50:21.403359
EV00883,EV00883,U077,SOULED_220357,Likes,,2026-08-12T04:09:03.317272,2026-08-12T04:09:03.317272
EV00884,EV00884,U034,SOULED_220357,AddToCart,,2026-08-12T16:09:35.475253,2026-08-12T16:09:35.475253
EV00885,EV00885,U079,SOULED_220357,Likes,,2026-08-16T03:03:10.436645,2026-08-16T03:03:10.436645
EV00886,EV00886,U002,SOULED_220357,DisLikes,,2026-08-16T14:43:03.827395,2026-08-16T14:43:03.827395
EV00887,EV00887,U068,SOULED_220357,Likes,,2026-08-16T21:37:27.186670,2026-08-16T21:37:27.186670
EV00888,EV00888,U069,SOULED_220357,Likes,,2026-08-17T07:01:22.329520,2026-08-17T07:01:22.329520
EV00889,EV00889,U074,SOULED_220357,DisLikes,,2026-08-15T23:49:11.859109,2026-08-15T23:49:11.859109
EV00890,EV00890,U045,SOULED_220357,Likes,,2026-08-15T00:01:59.762663,2026-08-15T00:01:59.762663
EV00891,EV00891,U053,SNITCH_8671166398626,Likes,,2026-08-14T15:17:00.547734,2026-08-14T15:17:00.547734
EV00892,EV00892,U075,SNITCH_8671166398626,DisLikes,,2026-08-12T10:41:15.727844,2026-08-12T10:41:15.727844
EV00893,EV00893,U030,SNITCH_8671166398626,AddToCart,,2026-08-18T05:35:01.600157,2026-08-18T05:35:01.600157
EV00894,EV00894,U042,SNITCH_8806241665186,AddToCart,,2026-08-11T22:08:07.017198,2026-08-11T22:08:07.017198
EV00895,EV00895,U072,SNITCH_8806241665186,Likes,,2026-08-14T19:26:48.369673,2026-08-14T19:26:48.369673
EV00896,EV00896,U037,SNITCH_8806241665186,Likes,,2026-08-13T12:31:07.227945,2026-08-13T12:31:07.227945
EV00897,EV00897,U003,SOULED_295377,AddToCart,,2026-08-12T17:17:12.539472,2026-08-12T17:17:12.539472
EV00898,EV00898,U053,SNITCH_9232403693730,DisLikes,,2026-08-13T12:01:14.860023,2026-08-13T12:01:14.860023
EV00899,EV00899,U043,SNITCH_9232403693730,AddToCart,,2026-08-18T09:13:16.531432,2026-08-18T09:13:16.531432
EV00900,EV00900,U037,URBANIC_1481292,Likes,,2026-08-12T18:45:29.582248,2026-08-12T18:45:29.582248
EV00901,EV00901,U043,URBANIC_1481292,DisLikes,,2026-08-15T18:35:10.889119,2026-08-15T18:35:10.889119
EV00902,EV00902,U005,URBANIC_1481292,Likes,,2026-08-13T20:18:36.528904,2026-08-13T20:18:36.528904
EV00903,EV00903,U076,BEWAKOOF_609811,Likes,,2026-08-12T14:14:25.343966,2026-08-12T14:14:25.343966
EV00904,EV00904,U018,BONKERS_14771172311404,Likes,,2026-08-16T15:27:41.122004,2026-08-16T15:27:41.122004
EV00905,EV00905,U035,SNITCH_9165615759522,AddToCart,,2026-08-14T11:31:46.112084,2026-08-14T11:31:46.112084
EV00906,EV00906,U048,SNITCH_9165615759522,Likes,,2026-08-16T14:20:57.995299,2026-08-16T14:20:57.995299
EV00907,EV00907,U016,SNITCH_9165615759522,AddToCart,,2026-08-18T08:07:13.691775,2026-08-18T08:07:13.691775
EV00908,EV00908,U018,SNITCH_8761745932450,AddToCart,,2026-08-12T04:18:37.690200,2026-08-12T04:18:37.690200
EV00909,EV00909,U006,BEWAKOOF_641031,Likes,,2026-08-15T07:50:38.694978,2026-08-15T07:50:38.694978
EV00910,EV00910,U014,SOULED_297846,Likes,,2026-08-15T02:01:22.464882,2026-08-15T02:01:22.464882
EV00911,EV00911,U073,SOULED_297846,Likes,,2026-08-14T13:32:44.407118,2026-08-14T13:32:44.407118
EV00912,EV00912,U037,SOULED_297846,Purchase,,2026-08-18T02:18:56.742328,2026-08-18T02:18:56.742328
EV00913,EV00913,U075,SNITCH_8671163121826,Likes,,2026-08-16T05:42:02.179159,2026-08-16T05:42:02.179159
EV00914,EV00914,U011,SNITCH_8671163121826,Likes,,2026-08-17T10:40:55.944427,2026-08-17T10:40:55.944427
EV00915,EV00915,U028,SNITCH_8671163121826,Likes,,2026-08-12T09:08:44.835536,2026-08-12T09:08:44.835536
EV00916,EV00916,U012,SNITCH_8651981029538,Likes,,2026-08-15T21:21:08.704557,2026-08-15T21:21:08.704557
EV00917,EV00917,U054,SNITCH_8651981029538,Likes,,2026-08-16T20:17:21.107514,2026-08-16T20:17:21.107514
EV00918,EV00918,U020,SNITCH_8651981029538,Likes,,2026-08-17T06:50:01.864566,2026-08-17T06:50:01.864566
EV00919,EV00919,U020,SOULED_349156,Likes,,2026-08-14T16:26:20.891627,2026-08-14T16:26:20.891627
EV00920,EV00920,U060,SOULED_349156,Likes,,2026-08-13T00:14:20.578315,2026-08-13T00:14:20.578315
EV00921,EV00921,U016,SOULED_349156,Likes,,2026-08-13T22:35:51.118802,2026-08-13T22:35:51.118802
EV00922,EV00922,U028,SOULED_263612,Likes,,2026-08-14T18:30:38.105620,2026-08-14T18:30:38.105620
EV00923,EV00923,U035,BONKERS_15076266017132,Likes,,2026-08-18T03:52:59.946788,2026-08-18T03:52:59.946788
EV00924,EV00924,U021,BONKERS_15076266017132,AddToCart,,2026-08-16T16:09:19.007176,2026-08-16T16:09:19.007176
EV00925,EV00925,U044,BONKERS_15076266017132,Likes,,2026-08-12T18:23:55.916304,2026-08-12T18:23:55.916304
EV00926,EV00926,U043,SNITCH_8694064906402,Likes,,2026-08-18T11:17:22.577326,2026-08-18T11:17:22.577326
EV00927,EV00927,U066,SNITCH_8694064906402,Likes,,2026-08-12T19:51:15.200673,2026-08-12T19:51:15.200673
EV00928,EV00928,U041,SNITCH_8694064906402,DisLikes,,2026-08-15T17:36:13.005748,2026-08-15T17:36:13.005748
EV00929,EV00929,U016,SOULED_304173,Likes,,2026-08-15T05:27:31.742895,2026-08-15T05:27:31.742895
EV00930,EV00930,U037,SNITCH_8641205469346,Likes,,2026-08-12T23:35:44.821908,2026-08-12T23:35:44.821908
EV00931,EV00931,U001,SNITCH_8641205469346,Likes,,2026-08-15T09:12:51.794900,2026-08-15T09:12:51.794900
EV00932,EV00932,U002,SNITCH_8641205469346,DisLikes,,2026-08-13T23:20:22.706830,2026-08-13T23:20:22.706830
EV00933,EV00933,U076,SOULED_369254,Likes,,2026-08-16T03:20:26.293573,2026-08-16T03:20:26.293573
EV00934,EV00934,U048,SOULED_369254,DisLikes,,2026-08-15T11:43:51.846482,2026-08-15T11:43:51.846482
EV00935,EV00935,U074,SOULED_369254,Likes,,2026-08-16T22:13:38.909095,2026-08-16T22:13:38.909095
EV00936,EV00936,U065,SOULED_352065,Likes,,2026-08-12T16:50:21.280487,2026-08-12T16:50:21.280487
EV00937,EV00937,U079,SNITCH_8935864139938,Likes,,2026-08-13T21:55:43.763966,2026-08-13T21:55:43.763966
EV00938,EV00938,U022,SNITCH_8935864139938,AddToCart,,2026-08-17T00:24:03.041956,2026-08-17T00:24:03.041956
EV00939,EV00939,U050,BEWAKOOF_1003857,Likes,,2026-08-18T07:27:19.480915,2026-08-18T07:27:19.480915
EV00940,EV00940,U011,BEWAKOOF_1003857,Purchase,,2026-08-18T07:50:31.912939,2026-08-18T07:50:31.912939
EV00941,EV00941,U013,BEWAKOOF_597190,Likes,,2026-08-14T14:31:50.122713,2026-08-14T14:31:50.122713
EV00942,EV00942,U030,BEWAKOOF_597190,AddToCart,,2026-08-16T04:32:40.232517,2026-08-16T04:32:40.232517
EV00943,EV00943,U049,BEWAKOOF_597190,DisLikes,,2026-08-11T21:23:43.956075,2026-08-11T21:23:43.956075
EV00944,EV00944,U004,SOULED_330902,Likes,,2026-08-17T18:56:31.059489,2026-08-17T18:56:31.059489
EV00945,EV00945,U045,BONKERS_14967788274028,DisLikes,,2026-08-13T05:52:05.037746,2026-08-13T05:52:05.037746
EV00946,EV00946,U017,SNITCH_9228862095522,Purchase,,2026-08-13T03:39:52.424270,2026-08-13T03:39:52.424270
EV00947,EV00947,U024,SNITCH_9228862095522,Likes,,2026-08-14T20:26:50.907087,2026-08-14T20:26:50.907087
EV00948,EV00948,U020,SNITCH_8822916710562,Likes,,2026-08-12T07:04:24.044190,2026-08-12T07:04:24.044190
EV00949,EV00949,U028,SNITCH_8822916710562,Purchase,,2026-08-15T19:07:35.546427,2026-08-15T19:07:35.546427
EV00950,EV00950,U059,SNITCH_8822916710562,DisLikes,,2026-08-15T07:40:09.948491,2026-08-15T07:40:09.948491
EV00951,EV00951,U061,SNITCH_8928621559970,Likes,,2026-08-15T01:03:23.085418,2026-08-15T01:03:23.085418
EV00952,EV00952,U023,SNITCH_8928621559970,Purchase,,2026-08-17T18:57:19.359985,2026-08-17T18:57:19.359985
EV00953,EV00953,U037,SNITCH_8640222134434,AddToCart,,2026-08-17T23:20:49.018008,2026-08-17T23:20:49.018008
EV00954,EV00954,U076,SNITCH_8711802978466,Likes,,2026-08-05T05:31:35.833159,2026-08-05T05:31:35.833159
EV00955,EV00955,U011,SNITCH_8711802978466,Likes,,2026-08-10T05:17:06.947675,2026-08-10T05:17:06.947675
EV00956,EV00956,U021,SNITCH_8711802978466,Likes,,2026-08-06T11:32:26.483430,2026-08-06T11:32:26.483430
EV00957,EV00957,U043,SOULED_313324,Likes,,2026-08-06T02:06:30.054068,2026-08-06T02:06:30.054068
EV00958,EV00958,U037,SOULED_313324,Likes,,2026-08-05T15:54:22.233270,2026-08-05T15:54:22.233270
EV00959,EV00959,U073,SOULED_313324,Likes,,2026-08-07T02:45:26.208532,2026-08-07T02:45:26.208532
EV00960,EV00960,U012,SNITCH_8752611688610,Likes,,2026-08-08T16:43:55.015647,2026-08-08T16:43:55.015647
EV00961,EV00961,U047,SNITCH_8752611688610,Likes,,2026-08-04T21:21:45.930527,2026-08-04T21:21:45.930527
EV00962,EV00962,U030,SNITCH_8752611688610,Likes,,2026-08-07T02:33:48.708974,2026-08-07T02:33:48.708974
EV00963,EV00963,U004,BEWAKOOF_589776,Likes,,2026-08-08T00:13:12.822924,2026-08-08T00:13:12.822924
EV00964,EV00964,U033,BEWAKOOF_589776,Likes,,2026-08-06T02:17:06.972229,2026-08-06T02:17:06.972229
EV00965,EV00965,U024,BEWAKOOF_589776,Likes,,2026-08-09T16:04:14.174403,2026-08-09T16:04:14.174403
EV00966,EV00966,U020,URBANIC_1343692,Likes,,2026-08-09T10:01:13.103105,2026-08-09T10:01:13.103105
EV00967,EV00967,U040,URBANIC_1343692,Likes,,2026-08-07T17:50:54.994060,2026-08-07T17:50:54.994060
EV00968,EV00968,U029,URBANIC_1343692,Likes,,2026-08-07T04:51:38.223712,2026-08-07T04:51:38.223712
EV00969,EV00969,U046,SNITCH_9256065400994,Likes,,2026-08-08T04:57:03.085038,2026-08-08T04:57:03.085038
EV00970,EV00970,U075,SNITCH_9256065400994,Likes,,2026-08-07T03:13:04.068945,2026-08-07T03:13:04.068945
EV00971,EV00971,U017,SNITCH_9256065400994,Likes,,2026-08-06T16:30:38.074219,2026-08-06T16:30:38.074219
EV00972,EV00972,U033,SNITCH_8743960576162,Likes,,2026-08-06T07:27:20.010565,2026-08-06T07:27:20.010565
EV00973,EV00973,U030,SNITCH_8743960576162,Likes,,2026-08-05T21:22:17.948246,2026-08-05T21:22:17.948246
EV00974,EV00974,U016,SNITCH_8743960576162,Likes,,2026-08-06T21:12:04.086980,2026-08-06T21:12:04.086980
EV00975,EV00975,U036,SNITCH_8524122128546,Likes,,2026-08-06T23:52:27.771265,2026-08-06T23:52:27.771265
EV00976,EV00976,U013,SNITCH_8524122128546,Likes,,2026-08-10T00:35:41.358675,2026-08-10T00:35:41.358675
EV00977,EV00977,U060,SNITCH_8524122128546,Likes,,2026-08-07T11:13:15.953707,2026-08-07T11:13:15.953707
EV00978,EV00978,U077,SNITCH_8620095635618,Likes,,2026-08-05T09:27:23.427536,2026-08-05T09:27:23.427536
EV00979,EV00979,U066,SNITCH_8620095635618,Likes,,2026-08-10T02:08:52.452120,2026-08-10T02:08:52.452120
EV00980,EV00980,U020,SNITCH_8620095635618,Likes,,2026-08-07T01:52:44.665690,2026-08-07T01:52:44.665690
EV00981,EV00981,U061,SOULED_310211,Likes,,2026-08-06T05:28:05.815406,2026-08-06T05:28:05.815406
EV00982,EV00982,U031,SOULED_310211,Likes,,2026-08-05T16:00:54.662059,2026-08-05T16:00:54.662059
EV00983,EV00983,U031,SOULED_310211,Likes,,2026-08-07T02:00:37.623105,2026-08-07T02:00:37.623105
